reference,year,country,happiness_rank,happiness_score,gdp_per_capita,life_expectancy,freedom,government_corruption,generosity,dystopia_residual
2016Denmark,2016,Denmark,1,7.526,1.442,0.795,0.579,0.445,0.362,2.739
2016Switzerland,2016,Switzerland,2,7.509,1.527,0.863,0.586,0.412,0.281,2.695
2016Iceland,2016,Iceland,3,7.501,1.427,0.867,0.566,0.15,0.477,2.831
2016Norway,2016,Norway,4,7.498,1.577,0.796,0.596,0.358,0.379,2.665
2016Finland,2016,Finland,5,7.413,1.406,0.811,0.571,0.41,0.255,2.826
2016Canada,2016,Canada,6,7.404,1.44,0.828,0.574,0.313,0.448,2.705
2016Netherlands,2016,Netherlands,7,7.339,1.465,0.812,0.552,0.299,0.474,2.707
2016New Zealand,2016,New Zealand,8,7.334,1.361,0.831,0.581,0.419,0.494,2.476
2016Australia,2016,Australia,9,7.313,1.444,0.851,0.568,0.323,0.474,2.547
2016Sweden,2016,Sweden,10,7.291,1.452,0.831,0.582,0.409,0.383,2.547
2016Israel,2016,Israel,11,7.267,1.338,0.849,0.364,0.087,0.323,3.31
2016Austria,2016,Austria,12,7.119,1.45,0.806,0.544,0.213,0.329,2.693
2016United States,2016,United States,13,7.104,1.508,0.779,0.482,0.149,0.411,2.728
2016Costa Rica,2016,Costa Rica,14,7.087,1.069,0.761,0.552,0.105,0.226,3.352
2016Puerto Rico,2016,Puerto Rico,15,7.039,1.359,0.778,0.468,0.123,0.222,3.008
2016Germany,2016,Germany,16,6.994,1.448,0.815,0.535,0.286,0.305,2.509
2016Brazil,2016,Brazil,17,6.952,1.088,0.614,0.404,0.142,0.158,3.507
2016Belgium,2016,Belgium,18,6.929,1.425,0.82,0.514,0.262,0.242,2.614
2016Ireland,2016,Ireland,19,6.907,1.483,0.815,0.54,0.298,0.45,2.16
2016Luxembourg,2016,Luxembourg,20,6.871,1.698,0.845,0.549,0.353,0.276,2.111
2016Mexico,2016,Mexico,21,6.778,1.115,0.711,0.377,0.184,0.117,3.559
2016Singapore,2016,Singapore,22,6.739,1.646,0.947,0.488,0.47,0.327,1.994
2016United Kingdom,2016,United Kingdom,23,6.725,1.403,0.81,0.5,0.274,0.502,2.15
2016Chile,2016,Chile,24,6.705,1.217,0.819,0.378,0.115,0.316,2.955
2016Panama,2016,Panama,25,6.701,1.183,0.708,0.489,0.084,0.242,3.006
2016Argentina,2016,Argentina,26,6.65,1.151,0.697,0.423,0.073,0.11,3.13
2016Czech Republic,2016,Czech Republic,27,6.596,1.309,0.764,0.414,0.04,0.099,2.962
2016United Arab Emirates,2016,United Arab Emirates,28,6.573,1.574,0.73,0.562,0.356,0.266,2.215
2016Uruguay,2016,Uruguay,29,6.545,1.182,0.722,0.544,0.214,0.181,2.671
2016Malta,2016,Malta,30,6.488,1.308,0.803,0.55,0.176,0.562,1.99
2016Colombia,2016,Colombia,31,6.481,1.03,0.597,0.447,0.054,0.156,3.175
2016France,2016,France,32,6.478,1.395,0.838,0.466,0.178,0.122,2.474
2016Thailand,2016,Thailand,33,6.474,1.089,0.649,0.496,0.028,0.587,2.58
2016Saudi Arabia,2016,Saudi Arabia,34,6.379,1.49,0.593,0.379,0.3,0.155,2.615
2016Taiwan,2016,Taiwan,34,6.379,1.397,0.796,0.324,0.066,0.255,2.615
2016Qatar,2016,Qatar,36,6.375,1.824,0.717,0.567,0.48,0.324,1.582
2016Spain,2016,Spain,37,6.361,1.343,0.879,0.375,0.061,0.177,2.397
2016Algeria,2016,Algeria,38,6.355,1.053,0.618,0.21,0.162,0.07,3.409
2016Guatemala,2016,Guatemala,39,6.324,0.835,0.54,0.504,0.087,0.288,3.199
2016Suriname,2016,Suriname,40,6.269,1.097,0.509,0.522,0.127,0.167,3.069
2016Kuwait,2016,Kuwait,41,6.239,1.617,0.636,0.432,0.237,0.16,2.281
2016Bahrain,2016,Bahrain,42,6.218,1.44,0.657,0.474,0.258,0.171,2.274
2016Trinidad and Tobago,2016,Trinidad and Tobago,43,6.168,1.326,0.526,0.485,0.012,0.319,2.514
2016Venezuela,2016,Venezuela,44,6.084,1.134,0.619,0.198,0.083,0.043,2.975
2016Slovakia,2016,Slovakia,45,6.078,1.28,0.704,0.234,0.029,0.138,2.611
2016El Salvador,2016,El Salvador,46,6.068,0.874,0.596,0.373,0.106,0.089,3.221
2016Malaysia,2016,Malaysia,47,6.005,1.251,0.624,0.39,0.091,0.415,2.354
2016Nicaragua,2016,Nicaragua,48,5.992,0.694,0.652,0.466,0.163,0.298,2.824
2016Uzbekistan,2016,Uzbekistan,49,5.987,0.736,0.502,0.608,0.283,0.343,2.346
2016Italy,2016,Italy,50,5.977,1.355,0.851,0.188,0.026,0.167,2.349
2016Ecuador,2016,Ecuador,51,5.976,0.973,0.686,0.403,0.18,0.101,2.774
2016Belize,2016,Belize,52,5.956,0.876,0.456,0.512,0.108,0.237,3.08
2016Japan,2016,Japan,53,5.921,1.38,0.915,0.468,0.19,0.102,1.806
2016Kazakhstan,2016,Kazakhstan,54,5.919,1.229,0.574,0.405,0.111,0.15,2.493
2016Moldova,2016,Moldova,55,5.897,0.692,0.523,0.252,0.019,0.2,3.38
2016Russia,2016,Russia,56,5.856,1.232,0.59,0.327,0.036,0.027,2.591
2016Poland,2016,Poland,57,5.835,1.246,0.691,0.452,0.055,0.144,2.2
2016South Korea,2016,South Korea,57,5.835,1.359,0.886,0.252,0.077,0.188,2.35
2016Bolivia,2016,Bolivia,59,5.822,0.794,0.47,0.51,0.077,0.217,2.916
2016Lithuania,2016,Lithuania,60,5.813,1.269,0.647,0.189,0.018,0.02,2.605
2016Belarus,2016,Belarus,61,5.802,1.131,0.631,0.291,0.175,0.139,2.386
2016North Cyprus,2016,North Cyprus,62,5.771,1.311,0.841,0.436,0.166,0.263,1.934
2016Slovenia,2016,Slovenia,63,5.768,1.299,0.792,0.532,0.036,0.257,1.795
2016Peru,2016,Peru,64,5.743,0.996,0.63,0.375,0.053,0.145,2.731
2016Turkmenistan,2016,Turkmenistan,65,5.658,1.08,0.44,0.374,0.285,0.226,2.215
2016Mauritius,2016,Mauritius,66,5.648,1.144,0.662,0.461,0.052,0.37,2.202
2016Libya,2016,Libya,67,5.615,1.067,0.523,0.407,0.103,0.171,2.394
2016Latvia,2016,Latvia,68,5.56,1.218,0.64,0.28,0.089,0.174,2.209
2016Cyprus,2016,Cyprus,69,5.546,1.319,0.849,0.295,0.052,0.279,2.045
2016Paraguay,2016,Paraguay,70,5.538,0.894,0.583,0.462,0.074,0.253,2.161
2016Romania,2016,Romania,71,5.528,1.17,0.676,0.367,0.007,0.129,2.452
2016Estonia,2016,Estonia,72,5.517,1.28,0.681,0.415,0.185,0.084,1.82
2016Jamaica,2016,Jamaica,73,5.51,0.893,0.595,0.436,0.043,0.222,2.357
2016Croatia,2016,Croatia,74,5.488,1.186,0.705,0.239,0.04,0.184,2.525
2016Hong Kong,2016,Hong Kong,75,5.458,1.511,0.953,0.481,0.316,0.401,0.926
2016Somalia,2016,Somalia,76,5.44,0,0.115,0.568,0.312,0.272,3.838
2016Kosovo,2016,Kosovo,77,5.401,0.901,0.54,0.144,0.065,0.28,2.81
2016Turkey,2016,Turkey,78,5.389,1.165,0.647,0.239,0.123,0.047,2.291
2016Indonesia,2016,Indonesia,79,5.314,0.951,0.494,0.392,0.003,0.565,2.032
2016Jordan,2016,Jordan,80,5.303,0.997,0.607,0.36,0.133,0.143,2.201
2016Azerbaijan,2016,Azerbaijan,81,5.291,1.124,0.545,0.353,0.179,0.056,2.274
2016Philippines,2016,Philippines,82,5.279,0.812,0.47,0.549,0.118,0.217,2.235
2016China,2016,China,83,5.245,1.028,0.736,0.44,0.027,0.05,2.171
2016Bhutan,2016,Bhutan,84,5.196,0.853,0.498,0.461,0.162,0.485,1.829
2016Kyrgyzstan,2016,Kyrgyzstan,85,5.185,0.56,0.554,0.402,0.048,0.384,2.281
2016Serbia,2016,Serbia,86,5.177,1.034,0.646,0.157,0.043,0.207,2.275
2016Bosnia and Herzegovina,2016,Bosnia and Herzegovina,87,5.163,0.934,0.708,0.095,0,0.299,2.484
2016Montenegro,2016,Montenegro,88,5.161,1.078,0.635,0.151,0.127,0.172,2.255
2016Dominican Republic,2016,Dominican Republic,89,5.155,1.028,0.577,0.523,0.124,0.213,1.696
2016Morocco,2016,Morocco,90,5.151,0.841,0.595,0.256,0.084,0.041,2.949
2016Hungary,2016,Hungary,91,5.145,1.241,0.676,0.198,0.045,0.099,1.955
2016Pakistan,2016,Pakistan,92,5.132,0.688,0.403,0.146,0.139,0.312,3.183
2016Lebanon,2016,Lebanon,93,5.129,1.123,0.762,0.262,0.031,0.237,2.073
2016Portugal,2016,Portugal,94,5.123,1.276,0.794,0.447,0.015,0.117,1.53
2016Macedonia,2016,Macedonia,95,5.121,1.019,0.647,0.277,0.07,0.235,2.089
2016Vietnam,2016,Vietnam,96,5.061,0.74,0.662,0.56,0.116,0.251,1.942
2016Somaliland Region,2016,Somaliland Region,97,5.057,0.256,0.331,0.391,0.368,0.515,2.438
2016Tunisia,2016,Tunisia,98,5.045,0.977,0.596,0.236,0.082,0.039,2.684
2016Greece,2016,Greece,99,5.033,1.249,0.8,0.058,0.041,0,2.129
2016Tajikistan,2016,Tajikistan,100,4.996,0.488,0.531,0.434,0.135,0.26,2.391
2016Mongolia,2016,Mongolia,101,4.907,0.989,0.555,0.36,0.033,0.345,1.536
2016Laos,2016,Laos,102,4.876,0.68,0.383,0.522,0.224,0.431,2.086
2016Nigeria,2016,Nigeria,103,4.875,0.752,0.051,0.279,0.031,0.232,2.886
2016Honduras,2016,Honduras,104,4.871,0.694,0.584,0.268,0.069,0.204,2.296
2016Iran,2016,Iran,105,4.813,1.118,0.642,0.225,0.056,0.385,1.998
2016Zambia,2016,Zambia,106,4.795,0.612,0.236,0.427,0.115,0.179,2.59
2016Nepal,2016,Nepal,107,4.793,0.446,0.501,0.37,0.07,0.382,2.327
2016Palestinian Territories,2016,Palestinian Territories,108,4.754,0.67,0.568,0.177,0.106,0.112,2.404
2016Albania,2016,Albania,109,4.655,0.955,0.73,0.319,0.053,0.168,1.928
2016Bangladesh,2016,Bangladesh,110,4.643,0.542,0.53,0.398,0.126,0.191,2.609
2016Sierra Leone,2016,Sierra Leone,111,4.635,0.365,0,0.307,0.082,0.239,3.014
2016Iraq,2016,Iraq,112,4.575,1.075,0.511,0.249,0.136,0.196,1.817
2016Namibia,2016,Namibia,113,4.574,0.933,0.347,0.486,0.104,0.078,1.922
2016Cameroon,2016,Cameroon,114,4.513,0.525,0.127,0.427,0.061,0.227,2.52
2016Ethiopia,2016,Ethiopia,115,4.508,0.293,0.346,0.367,0.172,0.295,2.656
2016South Africa,2016,South Africa,116,4.459,1.024,0.186,0.425,0.084,0.137,1.642
2016Sri Lanka,2016,Sri Lanka,117,4.415,0.973,0.62,0.508,0.08,0.47,0.917
2016India,2016,India,118,4.404,0.74,0.451,0.403,0.087,0.25,2.18
2016Myanmar,2016,Myanmar,119,4.395,0.341,0.399,0.427,0.202,0.82,1.507
2016Egypt,2016,Egypt,120,4.362,0.954,0.521,0.188,0.104,0.127,1.969
2016Armenia,2016,Armenia,121,4.36,0.861,0.641,0.14,0.036,0.078,1.979
2016Kenya,2016,Kenya,122,4.356,0.523,0.301,0.406,0.067,0.413,1.883
2016Ukraine,2016,Ukraine,123,4.324,0.873,0.586,0.129,0.018,0.204,1.501
2016Ghana,2016,Ghana,124,4.276,0.631,0.297,0.41,0.033,0.212,2.2
2016Congo (Kinshasa),2016,Congo (Kinshasa),125,4.272,0.057,0.188,0.156,0.061,0.255,2.749
2016Georgia,2016,Georgia,126,4.252,0.838,0.64,0.325,0.319,0.068,1.87
2016Congo (Brazzaville),2016,Congo (Brazzaville),127,4.236,0.771,0.282,0.379,0.098,0.121,2.107
2016Senegal,2016,Senegal,128,4.219,0.443,0.405,0.311,0.117,0.191,1.979
2016Bulgaria,2016,Bulgaria,129,4.217,1.113,0.678,0.212,0.006,0.128,1.154
2016Mauritania,2016,Mauritania,130,4.201,0.614,0.286,0.127,0.18,0.227,1.926
2016Zimbabwe,2016,Zimbabwe,131,4.193,0.35,0.16,0.254,0.086,0.185,2.443
2016Malawi,2016,Malawi,132,4.156,0.087,0.294,0.414,0.076,0.31,2.829
2016Sudan,2016,Sudan,133,4.139,0.631,0.298,0,0.1,0.181,2.11
2016Gabon,2016,Gabon,134,4.121,1.159,0.349,0.281,0.093,0.062,1.453
2016Mali,2016,Mali,135,4.073,0.313,0.163,0.275,0.136,0.211,2.111
2016Haiti,2016,Haiti,136,4.028,0.341,0.275,0.121,0.145,0.48,2.371
2016Botswana,2016,Botswana,137,3.974,1.094,0.348,0.441,0.108,0.124,0.967
2016Comoros,2016,Comoros,138,3.956,0.275,0.3,0.154,0.184,0.183,2.256
2016Ivory Coast,2016,Ivory Coast,139,3.916,0.555,0.045,0.407,0.155,0.203,1.975
2016Cambodia,2016,Cambodia,140,3.907,0.556,0.425,0.589,0.081,0.403,1.316
2016Angola,2016,Angola,141,3.866,0.847,0.05,0.006,0.084,0.121,2.095
2016Niger,2016,Niger,142,3.856,0.133,0.262,0.38,0.172,0.21,2.095
2016South Sudan,2016,South Sudan,143,3.832,0.394,0.158,0.197,0.13,0.259,2.509
2016Chad,2016,Chad,144,3.763,0.422,0.038,0.128,0.05,0.187,2.306
2016Burkina Faso,2016,Burkina Faso,145,3.739,0.32,0.213,0.334,0.125,0.244,1.873
2016Uganda,2016,Uganda,145,3.739,0.347,0.196,0.437,0.064,0.271,1.514
2016Yemen,2016,Yemen,147,3.724,0.579,0.31,0.229,0.059,0.098,1.973
2016Madagascar,2016,Madagascar,148,3.695,0.28,0.371,0.137,0.075,0.22,2.151
2016Tanzania,2016,Tanzania,149,3.666,0.472,0.357,0.318,0.051,0.315,1.378
2016Liberia,2016,Liberia,150,3.622,0.107,0.232,0.257,0.049,0.241,2.233
2016Guinea,2016,Guinea,151,3.607,0.224,0.188,0.31,0.119,0.299,2.156
2016Rwanda,2016,Rwanda,152,3.515,0.328,0.319,0.543,0.505,0.236,0.968
2016Benin,2016,Benin,153,3.484,0.395,0.21,0.397,0.067,0.202,2.108
2016Afghanistan,2016,Afghanistan,154,3.36,0.382,0.173,0.164,0.071,0.313,2.146
2016Togo,2016,Togo,155,3.303,0.281,0.248,0.347,0.116,0.175,2.135
2016Syria,2016,Syria,156,3.069,0.747,0.63,0.069,0.172,0.484,0.818
2016Burundi,2016,Burundi,157,2.905,0.068,0.157,0.043,0.094,0.203,2.104
2017Norway,2017,Norway,1,7.537,1.616,0.797,0.635,0.362,0.316,2.277
2017Denmark,2017,Denmark,2,7.522,1.482,0.793,0.626,0.355,0.401,2.314
2017Iceland,2017,Iceland,3,7.504,1.481,0.834,0.627,0.476,0.154,2.323
2017Switzerland,2017,Switzerland,4,7.494,1.565,0.858,0.62,0.291,0.367,2.277
2017Finland,2017,Finland,5,7.469,1.444,0.809,0.618,0.245,0.383,2.43
2017Netherlands,2017,Netherlands,6,7.377,1.504,0.811,0.585,0.47,0.283,2.295
2017Canada,2017,Canada,7,7.316,1.479,0.835,0.611,0.436,0.287,2.187
2017New Zealand,2017,New Zealand,8,7.314,1.406,0.817,0.614,0.5,0.383,2.046
2017Sweden,2017,Sweden,9,7.284,1.494,0.831,0.613,0.385,0.384,2.098
2017Australia,2017,Australia,10,7.284,1.484,0.844,0.602,0.478,0.301,2.065
2017Israel,2017,Israel,11,7.213,1.375,0.838,0.406,0.33,0.085,2.802
2017Costa Rica,2017,Costa Rica,12,7.079,1.11,0.76,0.58,0.215,0.1,2.899
2017Austria,2017,Austria,13,7.006,1.487,0.815,0.568,0.316,0.221,2.139
2017United States,2017,United States,14,6.993,1.546,0.774,0.506,0.393,0.136,2.218
2017Ireland,2017,Ireland,15,6.977,1.536,0.81,0.573,0.428,0.298,1.774
2017Germany,2017,Germany,16,6.951,1.488,0.799,0.563,0.336,0.277,2.016
2017Belgium,2017,Belgium,17,6.891,1.464,0.818,0.54,0.232,0.251,2.124
2017Luxembourg,2017,Luxembourg,18,6.863,1.742,0.845,0.597,0.283,0.319,1.62
2017United Kingdom,2017,United Kingdom,19,6.714,1.442,0.805,0.508,0.493,0.265,1.704
2017Chile,2017,Chile,20,6.652,1.253,0.819,0.377,0.327,0.082,2.51
2017United Arab Emirates,2017,United Arab Emirates,21,6.648,1.626,0.727,0.608,0.361,0.324,1.735
2017Brazil,2017,Brazil,22,6.635,1.107,0.617,0.437,0.162,0.111,2.769
2017Czech Republic,2017,Czech Republic,23,6.609,1.353,0.754,0.491,0.088,0.037,2.452
2017Argentina,2017,Argentina,24,6.599,1.185,0.695,0.495,0.109,0.06,2.614
2017Mexico,2017,Mexico,25,6.578,1.153,0.71,0.413,0.121,0.133,2.837
2017Singapore,2017,Singapore,26,6.572,1.692,0.949,0.55,0.346,0.464,1.216
2017Malta,2017,Malta,27,6.527,1.343,0.822,0.589,0.575,0.153,1.557
2017Uruguay,2017,Uruguay,28,6.454,1.218,0.719,0.579,0.175,0.178,2.172
2017Guatemala,2017,Guatemala,29,6.454,0.872,0.54,0.531,0.283,0.077,2.894
2017Panama,2017,Panama,30,6.452,1.234,0.706,0.55,0.211,0.071,2.307
2017France,2017,France,31,6.442,1.431,0.844,0.47,0.13,0.173,2.006
2017Thailand,2017,Thailand,32,6.424,1.128,0.647,0.58,0.572,0.032,2.04
2017Taiwan Province of China,2017,Taiwan Province of China,33,6.422,1.434,0.794,0.361,0.258,0.064,2.127
2017Spain,2017,Spain,34,6.403,1.384,0.889,0.409,0.19,0.071,1.928
2017Qatar,2017,Qatar,35,6.375,1.871,0.71,0.604,0.33,0.439,1.145
2017Colombia,2017,Colombia,36,6.357,1.071,0.595,0.477,0.149,0.047,2.616
2017Saudi Arabia,2017,Saudi Arabia,37,6.344,1.531,0.59,0.45,0.148,0.273,2.065
2017Trinidad and Tobago,2017,Trinidad and Tobago,38,6.168,1.361,0.52,0.519,0.325,0.009,2.053
2017Kuwait,2017,Kuwait,39,6.105,1.633,0.632,0.496,0.228,0.215,1.64
2017Slovakia,2017,Slovakia,40,6.098,1.325,0.713,0.296,0.137,0.024,2.098
2017Bahrain,2017,Bahrain,41,6.087,1.488,0.653,0.537,0.173,0.257,1.656
2017Malaysia,2017,Malaysia,42,6.084,1.291,0.619,0.402,0.417,0.066,2.004
2017Nicaragua,2017,Nicaragua,43,6.071,0.737,0.653,0.448,0.302,0.131,2.514
2017Ecuador,2017,Ecuador,44,6.008,1.001,0.686,0.455,0.15,0.14,2.29
2017El Salvador,2017,El Salvador,45,6.003,0.91,0.596,0.432,0.078,0.09,2.715
2017Poland,2017,Poland,46,5.973,1.292,0.699,0.52,0.158,0.059,1.798
2017Uzbekistan,2017,Uzbekistan,47,5.971,0.786,0.498,0.658,0.416,0.247,1.817
2017Italy,2017,Italy,48,5.964,1.395,0.853,0.256,0.173,0.028,1.813
2017Russia,2017,Russia,49,5.963,1.282,0.547,0.374,0.052,0.033,2.206
2017Belize,2017,Belize,50,5.956,0.908,0.45,0.548,0.24,0.097,2.632
2017Japan,2017,Japan,51,5.92,1.417,0.913,0.506,0.121,0.164,1.363
2017Lithuania,2017,Lithuania,52,5.902,1.315,0.629,0.234,0.01,0.012,2.228
2017Algeria,2017,Algeria,53,5.872,1.092,0.618,0.233,0.069,0.146,2.568
2017Latvia,2017,Latvia,54,5.85,1.261,0.639,0.326,0.153,0.074,1.994
2017South Korea,2017,South Korea,55,5.838,1.402,0.9,0.258,0.207,0.063,1.88
2017Moldova,2017,Moldova,56,5.838,0.729,0.589,0.241,0.209,0.01,2.808
2017Romania,2017,Romania,57,5.825,1.218,0.685,0.457,0.134,0.004,2.177
2017Bolivia,2017,Bolivia,58,5.823,0.834,0.474,0.559,0.226,0.06,2.443
2017Turkmenistan,2017,Turkmenistan,59,5.822,1.131,0.438,0.418,0.25,0.259,1.833
2017Kazakhstan,2017,Kazakhstan,60,5.819,1.285,0.606,0.437,0.202,0.119,1.785
2017North Cyprus,2017,North Cyprus,61,5.81,1.347,0.835,0.471,0.267,0.155,1.549
2017Slovenia,2017,Slovenia,62,5.758,1.341,0.791,0.573,0.243,0.045,1.313
2017Peru,2017,Peru,63,5.715,1.035,0.63,0.45,0.127,0.047,2.207
2017Mauritius,2017,Mauritius,64,5.629,1.189,0.638,0.491,0.361,0.042,1.698
2017Cyprus,2017,Cyprus,65,5.621,1.356,0.845,0.355,0.271,0.041,1.621
2017Estonia,2017,Estonia,66,5.611,1.321,0.695,0.479,0.099,0.183,1.358
2017Belarus,2017,Belarus,67,5.569,1.157,0.638,0.295,0.155,0.156,1.723
2017Libya,2017,Libya,68,5.525,1.102,0.52,0.466,0.152,0.093,1.835
2017Turkey,2017,Turkey,69,5.5,1.198,0.638,0.301,0.047,0.1,1.879
2017Paraguay,2017,Paraguay,70,5.493,0.933,0.579,0.474,0.224,0.091,1.685
"2017Hong Kong S.A.R., China",2017,"Hong Kong S.A.R., China",71,5.472,1.552,0.943,0.491,0.374,0.294,0.555
2017Philippines,2017,Philippines,72,5.43,0.858,0.468,0.585,0.194,0.099,1.973
2017Serbia,2017,Serbia,73,5.395,1.069,0.651,0.209,0.22,0.041,1.947
2017Jordan,2017,Jordan,74,5.336,0.991,0.605,0.418,0.172,0.12,1.791
2017Hungary,2017,Hungary,75,5.324,1.286,0.688,0.176,0.078,0.037,1.716
2017Jamaica,2017,Jamaica,76,5.311,0.926,0.641,0.474,0.234,0.055,1.612
2017Croatia,2017,Croatia,77,5.293,1.223,0.701,0.256,0.248,0.043,1.854
2017Kosovo,2017,Kosovo,78,5.279,0.951,0.541,0.26,0.32,0.057,2.011
2017China,2017,China,79,5.273,1.081,0.741,0.473,0.029,0.023,1.765
2017Pakistan,2017,Pakistan,80,5.269,0.727,0.402,0.235,0.315,0.124,2.792
2017Indonesia,2017,Indonesia,81,5.262,0.996,0.492,0.443,0.612,0.015,1.429
2017Venezuela,2017,Venezuela,82,5.25,1.128,0.617,0.154,0.065,0.064,1.789
2017Montenegro,2017,Montenegro,83,5.237,1.121,0.667,0.195,0.198,0.088,1.729
2017Morocco,2017,Morocco,84,5.235,0.878,0.598,0.408,0.032,0.088,2.456
2017Azerbaijan,2017,Azerbaijan,85,5.234,1.154,0.541,0.398,0.045,0.181,1.762
2017Dominican Republic,2017,Dominican Republic,86,5.23,1.079,0.575,0.553,0.187,0.114,1.319
2017Greece,2017,Greece,87,5.227,1.289,0.81,0.096,0,0.043,1.749
2017Lebanon,2017,Lebanon,88,5.225,1.075,0.735,0.289,0.264,0.038,1.695
2017Portugal,2017,Portugal,89,5.195,1.315,0.796,0.498,0.095,0.016,1.108
2017Bosnia and Herzegovina,2017,Bosnia and Herzegovina,90,5.182,0.982,0.705,0.204,0.329,0,1.892
2017Honduras,2017,Honduras,91,5.181,0.731,0.583,0.348,0.236,0.073,2.066
2017Macedonia,2017,Macedonia,92,5.175,1.065,0.645,0.326,0.254,0.06,1.617
2017Somalia,2017,Somalia,93,5.151,0.023,0.114,0.602,0.292,0.282,3.117
2017Vietnam,2017,Vietnam,94,5.074,0.789,0.652,0.571,0.235,0.088,1.462
2017Nigeria,2017,Nigeria,95,5.074,0.784,0.057,0.395,0.231,0.026,2.365
2017Tajikistan,2017,Tajikistan,96,5.041,0.525,0.529,0.472,0.249,0.146,1.849
2017Bhutan,2017,Bhutan,97,5.011,0.885,0.496,0.502,0.474,0.173,1.14
2017Kyrgyzstan,2017,Kyrgyzstan,98,5.004,0.596,0.553,0.455,0.429,0.039,1.537
2017Nepal,2017,Nepal,99,4.962,0.48,0.504,0.44,0.394,0.073,1.891
2017Mongolia,2017,Mongolia,100,4.955,1.027,0.558,0.394,0.338,0.033,1.111
2017South Africa,2017,South Africa,101,4.829,1.055,0.187,0.479,0.139,0.073,1.511
2017Tunisia,2017,Tunisia,102,4.805,1.007,0.613,0.29,0.05,0.087,1.89
2017Palestinian Territories,2017,Palestinian Territories,103,4.775,0.716,0.566,0.255,0.114,0.089,1.879
2017Egypt,2017,Egypt,104,4.735,0.99,0.52,0.282,0.129,0.114,1.702
2017Bulgaria,2017,Bulgaria,105,4.714,1.161,0.708,0.289,0.113,0.011,0.996
2017Sierra Leone,2017,Sierra Leone,106,4.709,0.368,0.006,0.319,0.293,0.071,2.668
2017Cameroon,2017,Cameroon,107,4.695,0.564,0.133,0.43,0.236,0.051,2.334
2017Iran,2017,Iran,108,4.692,1.157,0.639,0.249,0.387,0.049,1.499
2017Albania,2017,Albania,109,4.644,0.996,0.731,0.381,0.201,0.04,1.49
2017Bangladesh,2017,Bangladesh,110,4.608,0.587,0.533,0.478,0.172,0.124,1.979
2017Namibia,2017,Namibia,111,4.574,0.964,0.339,0.52,0.077,0.093,1.482
2017Kenya,2017,Kenya,112,4.553,0.56,0.31,0.453,0.445,0.065,1.652
2017Mozambique,2017,Mozambique,113,4.55,0.234,0.107,0.481,0.322,0.179,2.356
2017Myanmar,2017,Myanmar,114,4.545,0.367,0.398,0.514,0.838,0.189,1.115
2017Senegal,2017,Senegal,115,4.535,0.479,0.409,0.378,0.183,0.115,1.79
2017Zambia,2017,Zambia,116,4.514,0.636,0.258,0.462,0.25,0.078,1.827
2017Iraq,2017,Iraq,117,4.497,1.103,0.501,0.289,0.2,0.107,1.319
2017Gabon,2017,Gabon,118,4.465,1.198,0.357,0.312,0.044,0.076,1.323
2017Ethiopia,2017,Ethiopia,119,4.46,0.339,0.353,0.409,0.313,0.165,2.016
2017Sri Lanka,2017,Sri Lanka,120,4.44,1.01,0.625,0.561,0.491,0.074,0.419
2017Armenia,2017,Armenia,121,4.376,0.901,0.638,0.198,0.083,0.027,1.521
2017India,2017,India,122,4.315,0.792,0.455,0.47,0.232,0.092,1.519
2017Mauritania,2017,Mauritania,123,4.292,0.648,0.285,0.096,0.202,0.137,1.652
2017Congo (Brazzaville),2017,Congo (Brazzaville),124,4.291,0.809,0.29,0.435,0.121,0.08,1.724
2017Georgia,2017,Georgia,125,4.286,0.951,0.65,0.309,0.054,0.252,1.5
2017Congo (Kinshasa),2017,Congo (Kinshasa),126,4.28,0.092,0.191,0.236,0.246,0.06,2.225
2017Mali,2017,Mali,127,4.19,0.476,0.169,0.307,0.183,0.105,1.668
2017Ivory Coast,2017,Ivory Coast,128,4.18,0.603,0.049,0.448,0.201,0.13,1.845
2017Cambodia,2017,Cambodia,129,4.168,0.602,0.43,0.633,0.386,0.068,1.043
2017Sudan,2017,Sudan,130,4.139,0.66,0.291,0.015,0.182,0.09,1.687
2017Ghana,2017,Ghana,131,4.12,0.667,0.296,0.423,0.257,0.025,1.578
2017Ukraine,2017,Ukraine,132,4.096,0.895,0.576,0.123,0.27,0.023,0.814
2017Uganda,2017,Uganda,133,4.081,0.381,0.218,0.443,0.326,0.057,1.526
2017Burkina Faso,2017,Burkina Faso,134,4.032,0.35,0.216,0.324,0.251,0.12,1.727
2017Niger,2017,Niger,135,4.028,0.162,0.269,0.364,0.229,0.139,1.874
2017Malawi,2017,Malawi,136,3.97,0.233,0.315,0.467,0.287,0.073,2.082
2017Chad,2017,Chad,137,3.936,0.438,0.041,0.162,0.216,0.054,2.071
2017Zimbabwe,2017,Zimbabwe,138,3.875,0.376,0.197,0.336,0.189,0.095,1.598
2017Lesotho,2017,Lesotho,139,3.808,0.521,0,0.391,0.157,0.119,1.43
2017Angola,2017,Angola,140,3.795,0.858,0.05,0,0.098,0.07,1.614
2017Afghanistan,2017,Afghanistan,141,3.794,0.401,0.181,0.106,0.312,0.061,2.151
2017Botswana,2017,Botswana,142,3.766,1.122,0.342,0.505,0.099,0.099,0.378
2017Benin,2017,Benin,143,3.657,0.431,0.21,0.426,0.208,0.061,1.886
2017Madagascar,2017,Madagascar,144,3.644,0.306,0.375,0.189,0.209,0.067,1.585
2017Haiti,2017,Haiti,145,3.603,0.369,0.277,0.03,0.489,0.1,1.697
2017Yemen,2017,Yemen,146,3.593,0.592,0.31,0.249,0.104,0.057,1.346
2017South Sudan,2017,South Sudan,147,3.591,0.397,0.163,0.147,0.286,0.117,1.88
2017Liberia,2017,Liberia,148,3.533,0.119,0.23,0.333,0.267,0.039,1.673
2017Guinea,2017,Guinea,149,3.507,0.245,0.194,0.349,0.265,0.111,1.552
2017Togo,2017,Togo,150,3.495,0.305,0.247,0.38,0.197,0.096,1.837
2017Rwanda,2017,Rwanda,151,3.471,0.369,0.326,0.582,0.253,0.455,0.54
2017Syria,2017,Syria,152,3.462,0.777,0.501,0.082,0.494,0.151,1.062
2017Tanzania,2017,Tanzania,153,3.349,0.511,0.365,0.39,0.354,0.066,0.621
2017Burundi,2017,Burundi,154,2.905,0.092,0.152,0.06,0.204,0.084,1.683
2017Central African Republic,2017,Central African Republic,155,2.693,0,0.019,0.271,0.281,0.057,2.066
2018Finland,2018,Finland,1,7.632,1.305,0.874,0.681,0.393,0.202,
2018Norway,2018,Norway,2,7.594,1.456,0.861,0.686,0.34,0.286,
2018Denmark,2018,Denmark,3,7.555,1.351,0.868,0.683,0.408,0.284,
2018Iceland,2018,Iceland,4,7.495,1.343,0.914,0.677,0.138,0.353,
2018Switzerland,2018,Switzerland,5,7.487,1.42,0.927,0.66,0.357,0.256,
2018Netherlands,2018,Netherlands,6,7.441,1.361,0.878,0.638,0.295,0.333,
2018Canada,2018,Canada,7,7.328,1.33,0.896,0.653,0.291,0.321,
2018New Zealand,2018,New Zealand,8,7.324,1.268,0.876,0.669,0.389,0.365,
2018Sweden,2018,Sweden,9,7.314,1.355,0.913,0.659,0.383,0.285,
2018Australia,2018,Australia,10,7.272,1.34,0.91,0.647,0.302,0.361,
2018United Kingdom,2018,United Kingdom,11,7.19,1.244,0.888,0.464,0.082,0.262,
2018Austria,2018,Austria,12,7.139,1.341,0.891,0.617,0.224,0.242,
2018Costa Rica,2018,Costa Rica,13,7.072,1.01,0.817,0.632,0.101,0.143,
2018Ireland,2018,Ireland,14,6.977,1.448,0.876,0.614,0.306,0.307,
2018Germany,2018,Germany,15,6.965,1.34,0.861,0.586,0.28,0.273,
2018Belgium,2018,Belgium,16,6.927,1.324,0.894,0.583,0.24,0.188,
2018Luxembourg,2018,Luxembourg,17,6.91,1.576,0.896,0.632,0.321,0.196,
2018United States,2018,United States,18,6.886,1.398,0.819,0.547,0.133,0.291,
2018Israel,2018,Israel,19,6.814,1.301,0.883,0.533,0.272,0.354,
2018United Arab Emirates,2018,United Arab Emirates,20,6.774,2.096,0.67,0.284,,0.186,
2018Czech Republic,2018,Czech Republic,21,6.711,1.233,0.854,0.543,0.034,0.064,
2018Malta,2018,Malta,22,6.627,1.27,0.884,0.645,0.142,0.376,
2018France,2018,France,23,6.489,1.293,0.908,0.52,0.176,0.098,
2018Mexico,2018,Mexico,24,6.488,1.038,0.761,0.479,0.095,0.069,
2018Chile,2018,Chile,25,6.476,1.131,0.808,0.431,0.061,0.197,
2018Taiwan,2018,Taiwan,26,6.441,1.365,0.857,0.418,0.078,0.151,
2018Panama,2018,Panama,27,6.43,1.112,0.759,0.597,0.063,0.125,
2018Brazil,2018,Brazil,28,6.419,0.986,0.675,0.493,0.088,0.11,
2018Argentina,2018,Argentina,29,6.388,1.073,0.744,0.57,0.054,0.062,
2018Guatemala,2018,Guatemala,30,6.382,0.781,0.608,0.604,0.071,0.179,
2018Uruguay,2018,Uruguay,31,6.379,1.093,0.771,0.625,0.155,0.13,
2018Qatar,2018,Qatar,32,6.374,1.649,0.748,0.654,0.171,0.256,
2018Saudi Arabia,2018,Saudi Arabia,33,6.371,1.379,0.633,0.509,0.127,0.098,
2018Singapore,2018,Singapore,34,6.343,1.529,1.008,0.631,0.457,0.261,
2018Malaysia,2018,Malaysia,35,6.322,1.161,0.669,0.356,0.059,0.311,
2018Spain,2018,Spain,36,6.31,1.251,0.965,0.449,0.074,0.142,
2018Colombia,2018,Colombia,37,6.26,0.96,0.635,0.531,0.039,0.099,
2018Trinidad & Tobago,2018,Trinidad & Tobago,38,6.192,1.223,0.564,0.575,0.019,0.171,
2018Slovakia,2018,Slovakia,39,6.173,1.21,0.776,0.354,0.014,0.118,
2018El Salvador,2018,El Salvador,40,6.167,0.806,0.639,0.461,0.082,0.065,
2018Nicaragua,2018,Nicaragua,41,6.141,0.668,0.7,0.527,0.128,0.208,
2018Poland,2018,Poland,42,6.123,1.176,0.781,0.546,0.064,0.108,
2018Bahrain,2018,Bahrain,43,6.105,1.338,0.698,0.594,0.123,0.243,
2018Uzbekistan,2018,Uzbekistan,44,6.096,0.719,0.605,0.724,0.259,0.328,
2018Kuwait,2018,Kuwait,45,6.083,1.474,0.675,0.554,0.106,0.167,
2018Thailand,2018,Thailand,46,6.072,1.016,0.707,0.637,0.029,0.364,
2018Italy,2018,Italy,47,6,1.264,0.946,0.281,0.028,0.137,
2018Ecuador,2018,Ecuador,48,5.973,0.889,0.736,0.556,0.12,0.114,
2018Belize,2018,Belize,49,5.956,0.807,0.474,0.593,0.089,0.183,
2018Lithuania,2018,Lithuania,50,5.952,1.197,0.716,0.35,0.006,0.026,
2018Slovenia,2018,Slovenia,51,5.948,1.219,0.856,0.633,0.051,0.16,
2018Romania,2018,Romania,52,5.945,1.116,0.726,0.528,0.001,0.088,
2018Latvia,2018,Latvia,53,5.933,1.148,0.671,0.363,0.066,0.092,
2018Japan,2018,Japan,54,5.915,1.294,0.988,0.553,0.15,0.079,
2018Mauritius,2018,Mauritius,55,5.891,1.09,0.684,0.584,0.05,0.245,
2018Jamaica,2018,Jamaica,56,5.89,0.819,0.693,0.575,0.031,0.096,
2018South Korea,2018,South Korea,57,5.875,1.266,0.955,0.244,0.051,0.175,
2018Northern Cyprus,2018,Northern Cyprus,58,5.835,1.229,0.909,0.495,0.154,0.179,
2018Russia,2018,Russia,59,5.81,1.151,0.599,0.399,0.025,0.065,
2018Kazakhstan,2018,Kazakhstan,60,5.79,1.143,0.631,0.454,0.121,0.148,
2018Cyprus,2018,Cyprus,61,5.762,1.229,0.909,0.423,0.035,0.202,
2018Bolivia,2018,Bolivia,62,5.752,0.751,0.508,0.606,0.054,0.141,
2018Estonia,2018,Estonia,63,5.739,1.2,0.737,0.553,0.174,0.086,
2018Paraguay,2018,Paraguay,64,5.681,0.835,0.615,0.541,0.074,0.162,
2018Peru,2018,Peru,65,5.663,0.934,0.674,0.53,0.034,0.092,
2018Kosovo,2018,Kosovo,66,5.662,0.855,0.578,0.448,0.023,0.274,
2018Moldova,2018,Moldova,67,5.64,0.657,0.62,0.232,0,0.171,
2018Turkmenistan,2018,Turkmenistan,68,5.636,1.016,0.517,0.417,0.037,0.199,
2018Hungary,2018,Hungary,69,5.62,1.171,0.732,0.259,0.022,0.061,
2018Libya,2018,Libya,70,5.566,0.985,0.553,0.496,0.148,0.116,
2018Philippines,2018,Philippines,71,5.524,0.775,0.513,0.643,0.105,0.12,
2018Honduras,2018,Honduras,72,5.504,0.62,0.622,0.459,0.074,0.197,
2018Belarus,2018,Belarus,73,5.483,1.039,0.7,0.307,0.154,0.101,
2018Turkey,2018,Turkey,74,5.483,1.148,0.686,0.324,0.109,0.106,
2018Pakistan,2018,Pakistan,75,5.472,0.652,0.424,0.334,0.113,0.216,
2018Hong Kong,2018,Hong Kong,76,5.43,1.405,1.03,0.524,0.291,0.246,
2018Portugal,2018,Portugal,77,5.41,1.188,0.884,0.562,0.017,0.055,
2018Serbia,2018,Serbia,78,5.398,0.975,0.685,0.288,0.043,0.134,
2018Greece,2018,Greece,79,5.358,1.154,0.879,0.131,0.044,0,
2018Lebanon,2018,Lebanon,80,5.358,0.965,0.785,0.503,0.136,0.214,
2018Montenegro,2018,Montenegro,81,5.347,1.017,0.729,0.259,0.081,0.111,
2018Croatia,2018,Croatia,82,5.321,1.115,0.737,0.38,0.039,0.12,
2018Dominican Republic,2018,Dominican Republic,83,5.302,0.982,0.614,0.578,0.106,0.12,
2018Algeria,2018,Algeria,84,5.295,0.979,0.687,0.077,0.135,0.055,
2018Morocco,2018,Morocco,85,5.254,0.779,0.669,0.46,0.074,0.026,
2018China,2018,China,86,5.246,0.989,0.799,0.597,0.103,0.029,
2018Azerbaijan,2018,Azerbaijan,87,5.201,1.024,0.603,0.43,0.176,0.031,
2018Tajikistan,2018,Tajikistan,88,5.199,0.474,0.598,0.292,0.034,0.187,
2018Macedonia,2018,Macedonia,89,5.185,0.959,0.691,0.394,0.052,0.173,
2018Jordan,2018,Jordan,90,5.161,0.822,0.645,0.468,0.134,0.13,
2018Nigeria,2018,Nigeria,91,5.155,0.689,0.048,0.462,0.032,0.201,
2018Kyrgyzstan,2018,Kyrgyzstan,92,5.131,0.53,0.594,0.54,0.035,0.281,
2018Bosnia and Herzegovina,2018,Bosnia and Herzegovina,93,5.129,0.915,0.758,0.28,0,0.216,
2018Mongolia,2018,Mongolia,94,5.125,0.914,0.575,0.395,0.032,0.253,
2018Vietnam,2018,Vietnam,95,5.103,0.715,0.702,0.618,0.079,0.177,
2018Indonesia,2018,Indonesia,96,5.093,0.899,0.522,0.538,0.018,0.484,
2018Bhutan,2018,Bhutan,97,5.082,0.796,0.527,0.541,0.171,0.364,
2018Somalia,2018,Somalia,98,4.982,0,0.115,0.674,0.282,0.238,
2018Cameroon,2018,Cameroon,99,4.975,0.535,0.182,0.454,0.043,0.183,
2018Bulgaria,2018,Bulgaria,100,4.933,1.054,0.712,0.359,0.009,0.064,
2018Nepal,2018,Nepal,101,4.88,0.425,0.539,0.526,0.078,0.302,
2018Venezuela,2018,Venezuela,102,4.806,0.996,0.657,0.133,0.052,0.056,
2018Gabon,2018,Gabon,103,4.758,1.036,0.404,0.356,0.052,0.032,
2018Palestinian Territories,2018,Palestinian Territories,104,4.743,0.642,0.602,0.266,0.076,0.086,
2018South Africa,2018,South Africa,105,4.724,0.94,0.33,0.516,0.056,0.103,
2018Iran,2018,Iran,106,4.707,1.059,0.691,0.459,0.129,0.282,
2018Ivory Coast,2018,Ivory Coast,107,4.671,0.541,0.08,0.467,0.103,0.146,
2018Ghana,2018,Ghana,108,4.657,0.592,0.337,0.499,0.029,0.212,
2018Senegal,2018,Senegal,109,4.631,0.429,0.433,0.406,0.082,0.138,
2018Laos,2018,Laos,110,4.623,0.72,0.441,0.626,0.174,0.23,
2018Tunisia,2018,Tunisia,111,4.592,0.9,0.69,0.271,0.063,0.04,
2018Albania,2018,Albania,112,4.586,0.916,0.79,0.419,0.032,0.149,
2018Sierra Leone,2018,Sierra Leone,113,4.571,0.256,0,0.355,0.053,0.238,
2018Congo (Brazzaville),2018,Congo (Brazzaville),114,4.559,0.682,0.343,0.514,0.077,0.091,
2018Bangladesh,2018,Bangladesh,115,4.5,0.532,0.579,0.58,0.144,0.153,
2018Sri Lanka,2018,Sri Lanka,116,4.471,0.918,0.672,0.585,0.05,0.307,
2018Iraq,2018,Iraq,117,4.456,1.01,0.536,0.304,0.095,0.148,
2018Mali,2018,Mali,118,4.447,0.37,0.152,0.367,0.056,0.139,
2018Namibia,2018,Namibia,119,4.441,0.874,0.365,0.519,0.064,0.051,
2018Cambodia,2018,Cambodia,120,4.433,0.549,0.457,0.696,0.065,0.256,
2018Burkina Faso,2018,Burkina Faso,121,4.424,0.314,0.254,0.312,0.128,0.175,
2018Egypt,2018,Egypt,122,4.419,0.885,0.553,0.312,0.107,0.092,
2018Mozambique,2018,Mozambique,123,4.417,0.198,0.173,0.531,0.158,0.206,
2018Kenya,2018,Kenya,124,4.41,0.493,0.454,0.504,0.055,0.352,
2018Zambia,2018,Zambia,125,4.377,0.562,0.295,0.503,0.082,0.221,
2018Mauritania,2018,Mauritania,126,4.356,0.557,0.292,0.129,0.093,0.134,
2018Ethiopia,2018,Ethiopia,127,4.35,0.308,0.391,0.452,0.146,0.22,
2018Georgia,2018,Georgia,128,4.34,0.853,0.643,0.375,0.215,0.038,
2018Armenia,2018,Armenia,129,4.321,0.816,0.666,0.26,0.028,0.077,
2018Myanmar,2018,Myanmar,130,4.308,0.682,0.429,0.58,0.178,0.598,
2018Chad,2018,Chad,131,4.301,0.358,0.053,0.189,0.06,0.181,
2018Congo (Kinshasa),2018,Congo (Kinshasa),132,4.245,0.069,0.204,0.312,0.052,0.197,
2018India,2018,India,133,4.19,0.721,0.485,0.539,0.093,0.172,
2018Niger,2018,Niger,134,4.166,0.131,0.221,0.39,0.099,0.175,
2018Uganda,2018,Uganda,135,4.161,0.322,0.237,0.45,0.061,0.259,
2018Benin,2018,Benin,136,4.141,0.378,0.24,0.44,0.067,0.163,
2018Sudan,2018,Sudan,137,4.139,0.605,0.312,0.016,0.082,0.134,
2018Ukraine,2018,Ukraine,138,4.103,0.793,0.609,0.163,0.011,0.187,
2018Togo,2018,Togo,139,3.999,0.259,0.253,0.434,0.101,0.158,
2018Guinea,2018,Guinea,140,3.964,0.344,0.211,0.394,0.094,0.185,
2018Lesotho,2018,Lesotho,141,3.808,0.472,0.079,0.423,0.112,0.116,
2018Angola,2018,Angola,142,3.795,0.73,0.269,0,0.061,0.079,
2018Madagascar,2018,Madagascar,143,3.774,0.262,0.402,0.221,0.049,0.155,
2018Zimbabwe,2018,Zimbabwe,144,3.692,0.357,0.248,0.406,0.099,0.132,
2018Afghanistan,2018,Afghanistan,145,3.632,0.332,0.255,0.085,0.036,0.191,
2018Botswana,2018,Botswana,146,3.59,1.017,0.417,0.557,0.092,0.042,
2018Malawi,2018,Malawi,147,3.587,0.186,0.306,0.531,0.08,0.21,
2018Haiti,2018,Haiti,148,3.582,0.315,0.289,0.025,0.104,0.392,
2018Liberia,2018,Liberia,149,3.495,0.076,0.267,0.419,0.03,0.206,
2018Syria,2018,Syria,150,3.462,0.689,0.539,0.088,0.144,0.376,
2018Rwanda,2018,Rwanda,151,3.408,0.332,0.4,0.636,0.444,0.2,
2018Yemen,2018,Yemen,152,3.355,0.442,0.343,0.244,0.064,0.083,
2018Tanzania,2018,Tanzania,153,3.303,0.455,0.381,0.481,0.097,0.27,
2018South Sudan,2018,South Sudan,154,3.254,0.337,0.177,0.112,0.106,0.224,
2018Central African Republic,2018,Central African Republic,155,3.083,0.024,0.01,0.305,0.038,0.218,
2018Burundi,2018,Burundi,156,2.905,0.091,0.145,0.065,0.076,0.149,
2019Finland,2019,Finland,1,7.769,1.34,0.986,0.596,0.393,0.153,
2019Denmark,2019,Denmark,2,7.6,1.383,0.996,0.592,0.41,0.252,
2019Norway,2019,Norway,3,7.554,1.488,1.028,0.603,0.341,0.271,
2019Iceland,2019,Iceland,4,7.494,1.38,1.026,0.591,0.118,0.354,
2019Netherlands,2019,Netherlands,5,7.488,1.396,0.999,0.557,0.298,0.322,
2019Switzerland,2019,Switzerland,6,7.48,1.452,1.052,0.572,0.343,0.263,
2019Sweden,2019,Sweden,7,7.343,1.387,1.009,0.574,0.373,0.267,
2019New Zealand,2019,New Zealand,8,7.307,1.303,1.026,0.585,0.38,0.33,
2019Canada,2019,Canada,9,7.278,1.365,1.039,0.584,0.308,0.285,
2019Austria,2019,Austria,10,7.246,1.376,1.016,0.532,0.226,0.244,
2019Australia,2019,Australia,11,7.228,1.372,1.036,0.557,0.29,0.332,
2019Costa Rica,2019,Costa Rica,12,7.167,1.034,0.963,0.558,0.093,0.144,
2019Israel,2019,Israel,13,7.139,1.276,1.029,0.371,0.082,0.261,
2019Luxembourg,2019,Luxembourg,14,7.09,1.609,1.012,0.526,0.316,0.194,
2019United Kingdom,2019,United Kingdom,15,7.054,1.333,0.996,0.45,0.278,0.348,
2019Ireland,2019,Ireland,16,7.021,1.499,0.999,0.516,0.31,0.298,
2019Germany,2019,Germany,17,6.985,1.373,0.987,0.495,0.265,0.261,
2019Belgium,2019,Belgium,18,6.923,1.356,0.986,0.473,0.21,0.16,
2019United States,2019,United States,19,6.892,1.433,0.874,0.454,0.128,0.28,
2019Czech Republic,2019,Czech Republic,20,6.852,1.269,0.92,0.457,0.036,0.046,
2019United Arab Emirates,2019,United Arab Emirates,21,6.825,1.503,0.825,0.598,0.182,0.262,
2019Malta,2019,Malta,22,6.726,1.3,0.999,0.564,0.151,0.375,
2019Mexico,2019,Mexico,23,6.595,1.07,0.861,0.433,0.073,0.074,
2019France,2019,France,24,6.592,1.324,1.045,0.436,0.183,0.111,
2019Taiwan,2019,Taiwan,25,6.446,1.368,0.914,0.351,0.097,0.242,
2019Chile,2019,Chile,26,6.444,1.159,0.92,0.357,0.056,0.187,
2019Guatemala,2019,Guatemala,27,6.436,0.8,0.746,0.535,0.078,0.175,
2019Saudi Arabia,2019,Saudi Arabia,28,6.375,1.403,0.795,0.439,0.132,0.08,
2019Qatar,2019,Qatar,29,6.374,1.684,0.871,0.555,0.167,0.22,
2019Spain,2019,Spain,30,6.354,1.286,1.062,0.362,0.079,0.153,
2019Panama,2019,Panama,31,6.321,1.149,0.91,0.516,0.054,0.109,
2019Brazil,2019,Brazil,32,6.3,1.004,0.802,0.39,0.086,0.099,
2019Uruguay,2019,Uruguay,33,6.293,1.124,0.891,0.523,0.15,0.127,
2019Singapore,2019,Singapore,34,6.262,1.572,1.141,0.556,0.453,0.271,
2019El Salvador,2019,El Salvador,35,6.253,0.794,0.789,0.43,0.074,0.093,
2019Italy,2019,Italy,36,6.223,1.294,1.039,0.231,0.03,0.158,
2019Bahrain,2019,Bahrain,37,6.199,1.362,0.871,0.536,0.11,0.255,
2019Slovakia,2019,Slovakia,38,6.198,1.246,0.881,0.334,0.014,0.121,
2019Trinidad & Tobago,2019,Trinidad & Tobago,39,6.192,1.231,0.713,0.489,0.016,0.185,
2019Poland,2019,Poland,40,6.182,1.206,0.884,0.483,0.05,0.117,
2019Uzbekistan,2019,Uzbekistan,41,6.174,0.745,0.756,0.631,0.24,0.322,
2019Lithuania,2019,Lithuania,42,6.149,1.238,0.818,0.291,0.042,0.043,
2019Colombia,2019,Colombia,43,6.125,0.985,0.841,0.47,0.034,0.099,
2019Slovenia,2019,Slovenia,44,6.118,1.258,0.953,0.564,0.057,0.144,
2019Nicaragua,2019,Nicaragua,45,6.105,0.694,0.835,0.435,0.127,0.2,
2019Kosovo,2019,Kosovo,46,6.1,0.882,0.758,0.489,0.006,0.262,
2019Argentina,2019,Argentina,47,6.086,1.092,0.881,0.471,0.05,0.066,
2019Romania,2019,Romania,48,6.07,1.162,0.825,0.462,0.005,0.083,
2019Cyprus,2019,Cyprus,49,6.046,1.263,1.042,0.406,0.041,0.19,
2019Ecuador,2019,Ecuador,50,6.028,0.912,0.868,0.498,0.087,0.126,
2019Kuwait,2019,Kuwait,51,6.021,1.5,0.808,0.493,0.097,0.142,
2019Thailand,2019,Thailand,52,6.008,1.05,0.828,0.557,0.028,0.359,
2019Latvia,2019,Latvia,53,5.94,1.187,0.812,0.264,0.064,0.075,
2019South Korea,2019,South Korea,54,5.895,1.301,1.036,0.159,0.056,0.175,
2019Estonia,2019,Estonia,55,5.893,1.237,0.874,0.495,0.161,0.103,
2019Jamaica,2019,Jamaica,56,5.89,0.831,0.831,0.49,0.028,0.107,
2019Mauritius,2019,Mauritius,57,5.888,1.12,0.798,0.498,0.06,0.215,
2019Japan,2019,Japan,58,5.886,1.327,1.088,0.445,0.14,0.069,
2019Honduras,2019,Honduras,59,5.86,0.642,0.828,0.507,0.078,0.246,
2019Kazakhstan,2019,Kazakhstan,60,5.809,1.173,0.729,0.41,0.096,0.146,
2019Bolivia,2019,Bolivia,61,5.779,0.776,0.706,0.511,0.064,0.137,
2019Hungary,2019,Hungary,62,5.758,1.201,0.828,0.199,0.02,0.081,
2019Paraguay,2019,Paraguay,63,5.743,0.855,0.777,0.514,0.08,0.184,
2019Northern Cyprus,2019,Northern Cyprus,64,5.718,1.263,1.042,0.417,0.162,0.191,
2019Peru,2019,Peru,65,5.697,0.96,0.854,0.455,0.027,0.083,
2019Portugal,2019,Portugal,66,5.693,1.221,0.999,0.508,0.025,0.047,
2019Pakistan,2019,Pakistan,67,5.653,0.677,0.535,0.313,0.098,0.22,
2019Russia,2019,Russia,68,5.648,1.183,0.726,0.334,0.031,0.082,
2019Philippines,2019,Philippines,69,5.631,0.807,0.657,0.558,0.107,0.117,
2019Serbia,2019,Serbia,70,5.603,1.004,0.854,0.282,0.039,0.137,
2019Moldova,2019,Moldova,71,5.529,0.685,0.739,0.245,0,0.181,
2019Libya,2019,Libya,72,5.525,1.044,0.673,0.416,0.152,0.133,
2019Montenegro,2019,Montenegro,73,5.523,1.051,0.871,0.197,0.08,0.142,
2019Tajikistan,2019,Tajikistan,74,5.467,0.493,0.718,0.389,0.144,0.23,
2019Croatia,2019,Croatia,75,5.432,1.155,0.914,0.296,0.022,0.119,
2019Hong Kong,2019,Hong Kong,76,5.43,1.438,1.122,0.44,0.287,0.258,
2019Dominican Republic,2019,Dominican Republic,77,5.425,1.015,0.779,0.497,0.101,0.113,
2019Bosnia and Herzegovina,2019,Bosnia and Herzegovina,78,5.386,0.945,0.845,0.212,0.006,0.263,
2019Turkey,2019,Turkey,79,5.373,1.183,0.808,0.195,0.106,0.083,
2019Malaysia,2019,Malaysia,80,5.339,1.221,0.828,0.508,0.024,0.26,
2019Belarus,2019,Belarus,81,5.323,1.067,0.789,0.235,0.142,0.094,
2019Greece,2019,Greece,82,5.287,1.181,0.999,0.067,0.034,0,
2019Mongolia,2019,Mongolia,83,5.285,0.948,0.667,0.317,0.038,0.235,
2019North Macedonia,2019,North Macedonia,84,5.274,0.983,0.838,0.345,0.034,0.185,
2019Nigeria,2019,Nigeria,85,5.265,0.696,0.245,0.426,0.041,0.215,
2019Kyrgyzstan,2019,Kyrgyzstan,86,5.261,0.551,0.723,0.508,0.023,0.3,
2019Turkmenistan,2019,Turkmenistan,87,5.247,1.052,0.657,0.394,0.028,0.244,
2019Algeria,2019,Algeria,88,5.211,1.002,0.785,0.086,0.114,0.073,
2019Morocco,2019,Morocco,89,5.208,0.801,0.782,0.418,0.076,0.036,
2019Azerbaijan,2019,Azerbaijan,90,5.208,1.043,0.769,0.351,0.182,0.035,
2019Lebanon,2019,Lebanon,91,5.197,0.987,0.815,0.216,0.027,0.166,
2019Indonesia,2019,Indonesia,92,5.192,0.931,0.66,0.491,0.028,0.498,
2019China,2019,China,93,5.191,1.029,0.893,0.521,0.1,0.058,
2019Vietnam,2019,Vietnam,94,5.175,0.741,0.851,0.543,0.073,0.147,
2019Bhutan,2019,Bhutan,95,5.082,0.813,0.604,0.457,0.167,0.37,
2019Cameroon,2019,Cameroon,96,5.044,0.549,0.331,0.381,0.037,0.187,
2019Bulgaria,2019,Bulgaria,97,5.011,1.092,0.815,0.311,0.004,0.081,
2019Ghana,2019,Ghana,98,4.996,0.611,0.486,0.381,0.04,0.245,
2019Ivory Coast,2019,Ivory Coast,99,4.944,0.569,0.232,0.352,0.09,0.154,
2019Nepal,2019,Nepal,100,4.913,0.446,0.677,0.439,0.089,0.285,
2019Jordan,2019,Jordan,101,4.906,0.837,0.815,0.383,0.13,0.11,
2019Benin,2019,Benin,102,4.883,0.393,0.397,0.349,0.082,0.175,
2019Congo (Brazzaville),2019,Congo (Brazzaville),103,4.812,0.673,0.508,0.372,0.093,0.105,
2019Gabon,2019,Gabon,104,4.799,1.057,0.571,0.295,0.055,0.043,
2019Laos,2019,Laos,105,4.796,0.764,0.551,0.547,0.164,0.266,
2019South Africa,2019,South Africa,106,4.722,0.96,0.469,0.389,0.055,0.13,
2019Albania,2019,Albania,107,4.719,0.947,0.874,0.383,0.027,0.178,
2019Venezuela,2019,Venezuela,108,4.707,0.96,0.805,0.154,0.047,0.064,
2019Cambodia,2019,Cambodia,109,4.7,0.574,0.637,0.609,0.062,0.232,
2019Palestinian Territories,2019,Palestinian Territories,110,4.696,0.657,0.672,0.225,0.066,0.103,
2019Senegal,2019,Senegal,111,4.681,0.45,0.571,0.292,0.072,0.153,
2019Somalia,2019,Somalia,112,4.668,0,0.268,0.559,0.27,0.243,
2019Namibia,2019,Namibia,113,4.639,0.879,0.477,0.401,0.056,0.07,
2019Niger,2019,Niger,114,4.628,0.138,0.366,0.318,0.102,0.188,
2019Burkina Faso,2019,Burkina Faso,115,4.587,0.331,0.38,0.255,0.113,0.177,
2019Armenia,2019,Armenia,116,4.559,0.85,0.815,0.283,0.064,0.095,
2019Iran,2019,Iran,117,4.548,1.1,0.785,0.305,0.125,0.27,
2019Guinea,2019,Guinea,118,4.534,0.38,0.375,0.332,0.086,0.207,
2019Georgia,2019,Georgia,119,4.519,0.886,0.752,0.346,0.164,0.043,
2019Gambia,2019,Gambia,120,4.516,0.308,0.428,0.382,0.167,0.269,
2019Kenya,2019,Kenya,121,4.509,0.512,0.581,0.431,0.053,0.372,
2019Mauritania,2019,Mauritania,122,4.49,0.57,0.489,0.066,0.088,0.106,
2019Mozambique,2019,Mozambique,123,4.466,0.204,0.39,0.494,0.138,0.197,
2019Tunisia,2019,Tunisia,124,4.461,0.921,0.815,0.167,0.055,0.059,
2019Bangladesh,2019,Bangladesh,125,4.456,0.562,0.723,0.527,0.143,0.166,
2019Iraq,2019,Iraq,126,4.437,1.043,0.574,0.241,0.089,0.148,
2019Congo (Kinshasa),2019,Congo (Kinshasa),127,4.418,0.094,0.357,0.269,0.053,0.212,
2019Mali,2019,Mali,128,4.39,0.385,0.308,0.327,0.052,0.153,
2019Sierra Leone,2019,Sierra Leone,129,4.374,0.268,0.242,0.309,0.045,0.252,
2019Sri Lanka,2019,Sri Lanka,130,4.366,0.949,0.831,0.47,0.047,0.244,
2019Myanmar,2019,Myanmar,131,4.36,0.71,0.555,0.525,0.172,0.566,
2019Chad,2019,Chad,132,4.35,0.35,0.192,0.174,0.078,0.198,
2019Ukraine,2019,Ukraine,133,4.332,0.82,0.739,0.178,0.01,0.187,
2019Ethiopia,2019,Ethiopia,134,4.286,0.336,0.532,0.344,0.1,0.209,
2019Swaziland,2019,Swaziland,135,4.212,0.811,0,0.313,0.135,0.074,
2019Uganda,2019,Uganda,136,4.189,0.332,0.443,0.356,0.06,0.252,
2019Egypt,2019,Egypt,137,4.166,0.913,0.644,0.241,0.067,0.076,
2019Zambia,2019,Zambia,138,4.107,0.578,0.426,0.431,0.087,0.247,
2019Togo,2019,Togo,139,4.085,0.275,0.41,0.293,0.085,0.177,
2019India,2019,India,140,4.015,0.755,0.588,0.498,0.085,0.2,
2019Liberia,2019,Liberia,141,3.975,0.073,0.443,0.37,0.033,0.233,
2019Comoros,2019,Comoros,142,3.973,0.274,0.505,0.142,0.078,0.275,
2019Madagascar,2019,Madagascar,143,3.933,0.274,0.555,0.148,0.041,0.169,
2019Lesotho,2019,Lesotho,144,3.802,0.489,0.168,0.359,0.093,0.107,
2019Burundi,2019,Burundi,145,3.775,0.046,0.38,0.22,0.18,0.176,
2019Zimbabwe,2019,Zimbabwe,146,3.663,0.366,0.433,0.361,0.089,0.151,
2019Haiti,2019,Haiti,147,3.597,0.323,0.449,0.026,0.11,0.419,
2019Botswana,2019,Botswana,148,3.488,1.041,0.538,0.455,0.1,0.025,
2019Syria,2019,Syria,149,3.462,0.619,0.44,0.013,0.141,0.331,
2019Malawi,2019,Malawi,150,3.41,0.191,0.495,0.443,0.089,0.218,
2019Yemen,2019,Yemen,151,3.38,0.287,0.463,0.143,0.077,0.108,
2019Rwanda,2019,Rwanda,152,3.334,0.359,0.614,0.555,0.411,0.217,
2019Tanzania,2019,Tanzania,153,3.231,0.476,0.499,0.417,0.147,0.276,
2019Afghanistan,2019,Afghanistan,154,3.203,0.35,0.361,0,0.025,0.158,
2019Central African Republic,2019,Central African Republic,155,3.083,0.026,0.105,0.225,0.035,0.235,
2019South Sudan,2019,South Sudan,156,2.853,0.306,0.295,0.01,0.091,0.202,
