reference,country,year,life_ladder,log_gdp_per_capita,social_support,healthy_life_expectancy_at_birth,freedom_to_make_life_choices,generosity,perceptions_of_corruption,positive_affect,negative_affect,billionaires
2016Afghanistan,Afghanistan,2016,4.22,7.697,0.559,53,0.523,0.042,0.793,0.565,0.348,0
2016Albania,Albania,2016,4.511,9.437,0.638,68.1,0.73,-0.017,0.901,0.675,0.322,0
2016Algeria,Algeria,2016,5.341,9.362,0.749,65.5,,,,0.661,0.377,0
2016Argentina,Argentina,2016,6.427,10.051,0.883,68.4,0.848,-0.192,0.851,0.842,0.312,0
2016Armenia,Armenia,2016,4.325,9.333,0.709,66.3,0.611,-0.17,0.921,0.594,0.437,0
2016Australia,Australia,2016,7.25,10.791,0.942,73,0.922,0.239,0.399,0.791,0.236,6
2016Austria,Austria,2016,7.048,10.891,0.926,72.4,0.889,0.08,0.524,0.756,0.197,2
2016Azerbaijan,Azerbaijan,2016,5.304,9.564,0.777,64.9,0.713,-0.204,0.607,0.598,0.191,0
2016Bahrain,Bahrain,2016,6.17,10.781,0.863,68.1,0.889,0.088,,0.787,0.283,0
2016Bangladesh,Bangladesh,2016,4.556,8.274,0.649,63.3,0.875,-0.089,0.688,0.56,0.235,0
2016Belarus,Belarus,2016,5.178,9.788,0.927,65.5,0.658,-0.125,0.664,0.554,0.182,0
2016Belgium,Belgium,2016,6.949,10.819,0.929,71.6,0.866,-0.056,0.497,0.765,0.26,1
2016Benin,Benin,2016,4.007,7.993,0.493,53.5,0.78,-0.065,0.838,0.608,0.456,0
2016Bolivia,Bolivia,2016,5.77,9.012,0.796,63,0.882,-0.047,0.853,0.783,0.376,0
2016Bosnia and Herzegovina,Bosnia and Herzegovina,2016,5.181,9.5,0.808,67.2,0.633,0.134,0.957,0.641,0.304,0
2016Botswana,Botswana,2016,3.499,9.748,0.768,57.5,0.852,-0.253,0.729,0.686,0.252,0
2016Brazil,Brazil,2016,6.375,9.578,0.912,66,0.807,-0.1,0.781,0.763,0.302,9
2016Bulgaria,Bulgaria,2016,4.838,9.928,0.926,66.4,0.7,-0.17,0.936,0.622,0.172,0
2016Burkina Faso,Burkina Faso,2016,4.206,7.596,0.764,52.9,0.645,-0.001,0.721,0.616,0.337,0
2016Cambodia,Cambodia,2016,4.461,8.225,0.746,60.8,0.958,0.076,0.84,0.839,0.398,0
2016Cameroon,Cameroon,2016,4.816,8.167,0.659,51.1,0.713,-0.003,0.879,0.662,0.367,0
2016Canada,Canada,2016,7.245,10.773,0.924,73.2,0.912,0.211,0.385,0.825,0.237,9
2016Central African Republic,Central African Republic,2016,2.693,6.785,0.29,44.9,0.624,0.033,0.859,0.579,0.494,0
2016Chad,Chad,2016,4.029,7.431,0.616,47.2,0.525,0.052,0.82,0.582,0.468,0
2016Chile,Chile,2016,6.579,10.074,0.841,69.7,0.652,0.102,0.858,0.869,0.283,3
2016China,China,2016,5.325,9.51,0.742,68.7,,-0.228,,0.826,0.146,50
2016Colombia,Colombia,2016,6.234,9.571,0.882,67.1,0.835,-0.1,0.898,0.794,0.294,1
2016Congo (Brazzaville),Congo (Brazzaville),2016,4.119,8.19,0.615,56.7,0.786,-0.072,0.79,0.61,0.304,0
2016Congo (Kinshasa),Congo (Kinshasa),2016,4.522,6.962,0.864,52.5,0.637,-0.024,0.875,0.646,0.222,0
2016Costa Rica,Costa Rica,2016,7.136,9.83,0.901,70.9,0.873,-0.032,0.781,0.874,0.281,0
2016Croatia,Croatia,2016,5.417,10.146,0.798,69,0.672,-0.065,0.884,0.614,0.337,0
2016Cyprus,Cyprus,2016,5.795,10.506,0.786,73.3,0.756,-0.03,0.898,0.742,0.336,1
2016Czech Republic,Czech Republic,2016,6.736,10.518,0.931,69.3,0.85,-0.197,0.9,0.756,0.201,2
2016Denmark,Denmark,2016,7.558,10.903,0.954,71.8,0.948,0.138,0.21,0.836,0.208,6
2016Dominican Republic,Dominican Republic,2016,5.239,9.691,0.895,65.2,0.873,-0.08,0.737,0.76,0.278,0
2016Ecuador,Ecuador,2016,6.115,9.355,0.842,67.9,0.846,-0.015,0.774,0.846,0.365,0
2016Egypt,Egypt,2016,4.557,9.287,0.809,61.1,0.656,-0.141,0.818,0.611,0.37,1
2016El Salvador,El Salvador,2016,6.14,9.025,0.794,65.5,0.8,-0.185,0.797,0.761,0.346,0
2016Estonia,Estonia,2016,5.65,10.374,0.938,68.2,0.843,-0.149,0.639,0.726,0.177,0
2016Ethiopia,Ethiopia,2016,4.298,7.547,0.719,57.5,0.744,0.038,0.703,0.727,0.254,0
2016Finland,Finland,2016,7.66,10.74,0.954,71.7,0.948,-0.027,0.25,0.797,0.182,0
2016France,France,2016,6.475,10.69,0.885,73.4,0.787,-0.091,0.623,0.773,0.27,17
2016Gabon,Gabon,2016,4.832,9.639,0.78,58.7,0.699,-0.204,0.817,0.64,0.432,0
2016Georgia,Georgia,2016,4.448,9.47,0.533,64.9,0.606,-0.249,0.561,0.564,0.223,1
2016Germany,Germany,2016,6.874,10.858,0.906,71.6,0.871,0.148,0.446,0.738,0.187,39
2016Ghana,Ghana,2016,4.514,8.46,0.647,56.4,0.751,0.09,0.894,0.668,0.305,0
2016Greece,Greece,2016,5.303,10.261,0.803,72,0.482,-0.26,0.898,0.701,0.336,0
2016Guatemala,Guatemala,2016,6.359,9.013,0.811,64.2,0.863,0.011,0.812,0.846,0.321,0
2016Guinea,Guinea,2016,3.603,7.721,0.675,52.2,0.726,-0.056,0.803,0.687,0.374,0
2016Haiti,Haiti,2016,3.352,7.477,0.584,55.3,0.304,0.291,0.839,0.553,0.367,0
2016Honduras,Honduras,2016,5.648,8.593,0.774,66.8,0.85,0.08,0.793,0.832,0.297,0
2016Hong Kong S.A.R. of China,Hong Kong S.A.R. of China,2016,5.498,10.97,0.832,,0.8,0.1,0.403,0.664,0.213,0
2016Hungary,Hungary,2016,5.449,10.248,0.9,66.8,0.554,-0.187,0.924,0.666,0.243,0
2016Iceland,Iceland,2016,7.51,10.904,0.985,73,0.952,0.281,0.719,0.874,0.158,0
2016India,India,2016,4.179,8.673,0.614,59.3,0.82,0.046,0.765,0.695,0.346,26
2016Indonesia,Indonesia,2016,5.136,9.262,0.792,61.7,0.83,0.5,0.89,0.833,0.342,3
2016Iran,Iran,2016,4.653,9.561,0.566,65.4,0.773,0.186,0.713,0.687,0.526,0
2016Iraq,Iraq,2016,4.413,9.354,0.719,59,0.666,-0.052,0.799,0.489,0.57,0
2016Ireland,Ireland,2016,7.041,11.199,0.958,72.1,0.875,0.174,0.399,0.809,0.211,3
2016Israel,Israel,2016,7.159,10.555,0.89,72.9,0.772,0.153,0.804,0.629,0.263,3
2016Italy,Italy,2016,5.955,10.622,0.927,73.2,0.624,-0.081,0.903,0.685,0.339,8
2016Ivory Coast,Ivory Coast,2016,4.543,8.437,0.617,48.3,0.769,-0.043,0.757,0.704,0.378,0
2016Japan,Japan,2016,5.955,10.595,0.9,74.8,0.836,-0.062,0.698,0.76,0.192,8
2016Jordan,Jordan,2016,5.271,9.197,0.82,66.4,0.771,-0.038,,0.641,0.312,0
2016Kazakhstan,Kazakhstan,2016,5.534,10.095,0.928,63.4,0.783,-0.036,0.702,0.702,0.155,0
2016Kenya,Kenya,2016,4.396,8.282,0.706,58.9,0.749,0.298,0.828,0.743,0.226,0
2016Kosovo,Kosovo,2016,5.759,9.228,0.824,,0.827,0.125,0.941,0.704,0.15,0
2016Kuwait,Kuwait,2016,5.947,10.91,0.845,66.3,0.841,-0.075,,0.688,0.315,0
2016Kyrgyzstan,Kyrgyzstan,2016,4.857,8.5,0.914,63.5,0.814,0.056,0.917,0.778,0.126,0
2016Latvia,Latvia,2016,5.94,10.211,0.917,66.2,0.685,-0.156,0.868,0.654,0.231,0
2016Lebanon,Lebanon,2016,5.271,9.687,0.828,66.1,0.657,0.031,0.853,0.553,0.263,0
2016Lesotho,Lesotho,2016,3.808,7.953,0.798,46.6,0.729,-0.099,0.743,0.732,0.27,0
2016Liberia,Liberia,2016,3.355,7.324,0.643,54.5,0.763,0.033,0.901,0.636,0.509,0
2016Libya,Libya,2016,5.434,9.268,0.876,62.3,0.822,-0.089,,0.718,0.383,0
2016Lithuania,Lithuania,2016,5.866,10.373,0.938,66.1,0.614,-0.266,0.949,0.594,0.25,0
2016Luxembourg,Luxembourg,2016,6.967,11.64,0.941,72.6,0.882,0.019,0.356,0.758,0.192,0
2016Madagascar,Madagascar,2016,3.663,7.356,0.746,58.3,0.57,-0.069,0.864,0.813,0.204,0
2016Malawi,Malawi,2016,3.476,6.932,0.524,56.2,0.81,0.066,0.824,0.603,0.325,0
2016Mali,Mali,2016,4.016,7.695,0.836,50.7,0.696,-0.07,0.862,0.807,0.305,0
2016Malta,Malta,2016,6.591,10.599,0.93,72.2,0.916,0.345,0.696,0.687,0.355,0
2016Mauritania,Mauritania,2016,4.472,8.526,0.785,56.4,0.467,-0.175,0.842,0.735,0.222,0
2016Mauritius,Mauritius,2016,5.61,9.935,0.836,65.8,0.819,0.139,0.891,0.785,0.246,0
2016Mexico,Mexico,2016,6.824,9.884,0.893,67.7,0.752,-0.153,0.809,0.859,0.22,8
2016Moldova,Moldova,2016,5.578,9.3,0.837,63.6,0.557,-0.047,0.969,0.621,0.275,0
2016Mongolia,Mongolia,2016,5.057,9.3,0.947,61.9,0.76,0.09,0.9,0.694,0.171,0
2016Montenegro,Montenegro,2016,5.304,9.839,0.866,68.1,0.569,-0.087,0.849,0.591,0.337,0
2016Morocco,Morocco,2016,5.386,8.869,0.655,65.3,0.817,-0.237,0.717,0.713,0.205,0
2016Myanmar,Myanmar,2016,4.623,8.408,0.793,58.4,0.877,0.679,0.607,0.804,0.302,0
2016Nepal,Nepal,2016,5.1,7.973,0.837,61.3,0.839,0.168,0.817,0.627,0.37,0
2016Netherlands,Netherlands,2016,7.541,10.899,0.926,72.1,0.907,0.239,0.433,0.838,0.215,2
2016New Zealand,New Zealand,2016,7.226,10.623,0.937,72.8,0.927,0.266,0.278,0.833,0.207,1
2016Nicaragua,Nicaragua,2016,6.013,8.668,0.853,66.9,0.717,0.039,0.731,0.805,0.38,0
2016Niger,Niger,2016,4.235,7.047,0.683,52.5,0.702,-0.016,0.814,0.675,0.325,0
2016Nigeria,Nigeria,2016,5.22,8.573,0.805,48.9,0.798,0.043,0.905,0.732,0.252,2
2016North Cyprus,North Cyprus,2016,5.827,,0.808,,0.796,,0.67,0.644,0.346,0
2016North Macedonia,North Macedonia,2016,5.346,9.64,0.871,65.225,0.706,0.08,0.87,0.639,0.292,0
2016Norway,Norway,2016,7.596,11.035,0.96,73,0.954,0.133,0.41,0.85,0.209,2
2016Pakistan,Pakistan,2016,5.549,8.394,0.627,57.7,0.634,0.095,0.793,0.648,0.332,0
2016Palestinian Territories,Palestinian Territories,2016,4.907,8.498,0.818,,0.608,-0.129,0.812,0.593,0.378,0
2016Panama,Panama,2016,6.118,10.287,0.882,69.4,0.884,-0.102,0.837,0.858,0.244,0
2016Paraguay,Paraguay,2016,5.801,9.406,0.94,65.3,0.854,-0.071,0.756,0.925,0.197,0
2016Peru,Peru,2016,5.701,9.426,0.803,67.5,0.83,-0.134,0.866,0.822,0.338,0
2016Philippines,Philippines,2016,5.431,8.95,0.821,61.7,0.908,-0.071,0.792,0.821,0.29,4
2016Poland,Poland,2016,6.162,10.266,0.917,68.5,0.871,-0.091,0.848,0.777,0.224,0
2016Portugal,Portugal,2016,5.447,10.37,0.905,72,0.838,-0.225,0.922,0.684,0.326,1
2016Romania,Romania,2016,5.969,10.136,0.809,66.6,0.822,-0.115,0.949,0.694,0.258,0
2016Russia,Russia,2016,5.855,10.149,0.911,63.5,0.714,-0.181,0.925,0.636,0.142,27
2016Rwanda,Rwanda,2016,3.333,7.576,0.665,59.9,0.911,0.025,0.159,0.752,0.285,0
2016Saudi Arabia,Saudi Arabia,2016,6.474,10.792,0.89,65.7,0.774,-0.132,,0.793,0.266,0
2016Senegal,Senegal,2016,4.595,8.029,0.839,58.8,0.744,-0.086,0.794,0.784,0.245,0
2016Serbia,Serbia,2016,5.753,9.688,0.895,67.4,0.614,-0.068,0.89,0.535,0.298,0
2016Sierra Leone,Sierra Leone,2016,4.733,7.384,0.657,47.6,0.681,0.106,0.863,0.584,0.456,0
2016Singapore,Singapore,2016,6.033,11.419,0.925,76.2,0.904,0.143,0.047,0.824,0.111,4
2016Slovakia,Slovakia,2016,5.993,10.31,0.945,68.3,0.7,-0.061,0.917,0.774,0.232,0
2016Slovenia,Slovenia,2016,5.937,10.463,0.934,70.5,0.904,-0.055,0.838,0.626,0.272,0
2016Somalia,Somalia,2016,4.668,,0.594,50,0.917,,0.441,0.891,0.193,0
2016South Africa,South Africa,2016,4.77,9.45,0.875,55.7,0.774,-0.07,0.813,0.786,0.301,2
2016South Korea,South Korea,2016,5.971,10.593,0.811,73,0.591,0.026,0.862,0.676,0.233,8
2016South Sudan,South Sudan,2016,2.888,,0.532,50.6,0.44,,0.785,0.615,0.549,0
2016Spain,Spain,2016,6.319,10.56,0.942,73.8,0.768,-0.048,0.819,0.653,0.301,4
2016Sweden,Sweden,2016,7.369,10.861,0.912,72.4,0.918,0.146,0.246,0.816,0.201,11
2016Switzerland,Switzerland,2016,7.459,11.106,0.928,73.5,0.934,0.088,0.302,0.779,0.206,10
2016Taiwan Province of China,Taiwan Province of China,2016,6.513,10.855,0.895,,0.719,-0.049,0.811,0.833,0.108,0
2016Tajikistan,Tajikistan,2016,5.104,7.987,0.857,63.5,0.703,0.01,0.632,0.644,0.22,0
2016Tanzania,Tanzania,2016,2.903,7.8,0.638,56.5,0.775,0.179,0.739,0.694,0.246,0
2016Thailand,Thailand,2016,6.074,9.729,0.908,66.8,0.924,0.356,0.878,0.835,0.218,3
2016Togo,Togo,2016,3.879,7.306,0.509,53.9,0.73,-0.007,0.815,0.604,0.483,0
2016Tunisia,Tunisia,2016,4.521,9.262,0.702,66.3,0.614,-0.165,0.811,0.612,0.378,0
2016Turkey,Turkey,2016,5.326,10.181,0.88,66,0.644,-0.065,0.764,0.465,0.39,1
2016Turkmenistan,Turkmenistan,2016,5.887,9.515,0.929,61.4,0.749,0.005,,0.636,0.255,0
2016Uganda,Uganda,2016,4.233,7.637,0.754,54.9,0.739,0.132,0.811,0.668,0.41,0
2016Ukraine,Ukraine,2016,4.029,9.353,0.885,64,0.503,0.011,0.891,0.589,0.22,1
2016United Arab Emirates,United Arab Emirates,2016,6.831,11.105,0.849,66.7,0.949,0.131,,0.775,0.245,2
2016United Kingdom,United Kingdom,2016,6.824,10.724,0.954,71.9,0.821,0.25,0.458,0.776,0.23,18
2016United States,United States,2016,6.804,10.986,0.897,68.5,0.758,0.144,0.739,0.806,0.264,158
2016Uruguay,Uruguay,2016,6.171,9.946,0.9,68.8,0.886,-0.072,0.676,0.842,0.283,0
2016Uzbekistan,Uzbekistan,2016,5.893,8.756,0.945,64.5,0.984,0.208,,0.842,0.147,0
2016Venezuela,Venezuela,2016,4.041,9.01,0.902,66.1,0.458,-0.155,0.89,0.688,0.392,1
2016Vietnam,Vietnam,2016,5.062,8.82,0.876,67.5,0.894,-0.09,0.799,0.536,0.223,0
2016Yemen,Yemen,2016,3.826,7.715,0.775,55.1,0.533,-0.151,,0.469,0.228,0
2016Zambia,Zambia,2016,4.348,8.151,0.767,54.3,0.812,0.122,0.771,0.731,0.372,0
2016Zimbabwe,Zimbabwe,2016,3.735,7.984,0.768,54.4,0.733,-0.095,0.724,0.738,0.209,0
2017Afghanistan,Afghanistan,2017,2.662,7.697,0.491,52.8,0.427,-0.121,0.954,0.496,0.371,0
2017Albania,Albania,2017,4.64,9.476,0.638,68.4,0.75,-0.029,0.876,0.669,0.334,0
2017Algeria,Algeria,2017,5.249,9.354,0.807,65.7,0.437,-0.167,0.7,0.642,0.289,0
2017Argentina,Argentina,2017,6.039,10.067,0.907,68.6,0.832,-0.186,0.841,0.809,0.292,0
2017Armenia,Armenia,2017,4.288,9.402,0.698,66.6,0.614,-0.147,0.865,0.625,0.437,0
2017Australia,Australia,2017,7.257,10.798,0.95,73.3,0.911,0.317,0.411,0.78,0.225,6
2017Austria,Austria,2017,7.294,10.908,0.906,72.7,0.89,0.133,0.518,0.748,0.18,2
2017Azerbaijan,Azerbaijan,2017,5.152,9.555,0.787,65.2,0.731,-0.225,0.653,0.592,0.198,0
2017Bahrain,Bahrain,2017,6.227,10.771,0.876,68.5,0.906,0.136,,0.814,0.29,0
2017Bangladesh,Bangladesh,2017,4.31,8.334,0.713,63.8,0.896,0.012,0.635,0.569,0.214,0
2017Belarus,Belarus,2017,5.553,9.814,0.9,65.8,0.621,-0.122,0.654,0.541,0.233,0
2017Belgium,Belgium,2017,6.928,10.834,0.922,71.8,0.857,0.054,0.543,0.786,0.234,1
2017Benin,Benin,2017,4.853,8.021,0.436,53.9,0.727,-0.065,0.767,0.615,0.458,0
2017Bolivia,Bolivia,2017,5.651,9.039,0.779,63.3,0.884,-0.12,0.819,0.698,0.434,0
2017Bosnia and Herzegovina,Bosnia and Herzegovina,2017,5.09,9.532,0.775,67.5,0.564,0.092,0.923,0.597,0.271,0
2017Botswana,Botswana,2017,3.505,9.756,0.768,58.2,0.817,-0.248,0.731,0.656,0.276,0
2017Brazil,Brazil,2017,6.333,9.583,0.905,66.2,0.765,-0.175,0.794,0.716,0.308,9
2017Bulgaria,Bulgaria,2017,5.097,9.969,0.942,66.6,0.689,-0.154,0.911,0.614,0.189,0
2017Burkina Faso,Burkina Faso,2017,4.647,7.627,0.785,53.4,0.614,-0.063,0.727,0.585,0.354,0
2017Cambodia,Cambodia,2017,4.586,8.276,0.765,61.2,0.964,0.088,0.821,0.799,0.408,0
2017Cameroon,Cameroon,2017,5.074,8.176,0.695,51.9,0.767,-0.028,0.844,0.632,0.377,0
2017Canada,Canada,2017,7.415,10.792,0.934,73.4,0.945,0.163,0.362,0.863,0.218,10
2017Central African Republic,Central African Republic,2017,3.476,6.817,0.32,45.2,0.645,0.073,0.89,0.614,0.599,0
2017Chad,Chad,2017,4.559,7.37,0.661,47.7,0.615,0.008,0.792,0.628,0.538,0
2017Chile,Chile,2017,6.32,10.072,0.88,69.8,0.79,-0.02,0.836,0.838,0.291,2
2017China,China,2017,5.099,9.571,0.772,69,0.878,-0.175,,0.821,0.214,40
2017Colombia,Colombia,2017,6.157,9.569,0.909,67.4,0.838,-0.157,0.875,0.837,0.299,1
2017Congo (Brazzaville),Congo (Brazzaville),2017,4.884,8.146,0.655,57.3,0.778,-0.131,0.763,0.599,0.382,0
2017Congo (Kinshasa),Congo (Kinshasa),2017,4.311,6.966,0.67,52.9,0.704,0.068,0.809,0.551,0.404,0
2017Costa Rica,Costa Rica,2017,7.225,9.858,0.922,71.1,0.936,-0.076,0.742,0.874,0.275,0
2017Croatia,Croatia,2017,5.343,10.189,0.77,69.6,0.716,-0.104,0.892,0.655,0.316,0
2017Cyprus,Cyprus,2017,6.062,10.539,0.819,73.5,0.812,0.043,0.851,0.784,0.301,1
2017Czech Republic,Czech Republic,2017,6.79,10.558,0.901,69.8,0.832,-0.177,0.867,0.739,0.227,1
2017Denmark,Denmark,2017,7.594,10.916,0.952,72.1,0.955,0.155,0.181,0.824,0.206,3
2017Dominican Republic,Dominican Republic,2017,5.605,9.725,0.894,65.5,0.855,-0.121,0.76,0.739,0.275,0
2017Ecuador,Ecuador,2017,5.84,9.36,0.849,68.2,0.879,-0.167,0.734,0.829,0.314,0
2017Egypt,Egypt,2017,3.929,9.307,0.638,61.4,0.593,-0.152,,0.539,0.414,2
2017El Salvador,El Salvador,2017,6.339,9.042,0.829,65.8,0.758,-0.172,0.778,0.849,0.268,0
2017Estonia,Estonia,2017,5.938,10.429,0.936,68.4,0.862,-0.101,0.668,0.805,0.16,0
2017Ethiopia,Ethiopia,2017,4.18,7.612,0.734,58,0.717,0.001,0.757,0.609,0.304,0
2017Finland,Finland,2017,7.788,10.768,0.964,71.8,0.962,-0.002,0.192,0.787,0.176,0
2017France,France,2017,6.635,10.711,0.931,73.6,0.834,-0.123,0.601,0.762,0.242,16
2017Gabon,Gabon,2017,4.782,9.616,0.807,59.2,0.652,-0.228,0.868,0.634,0.446,0
2017Gambia,Gambia,2017,4.118,7.637,0.697,54.7,0.812,0.111,0.572,0.838,0.277,0
2017Georgia,Georgia,2017,4.451,9.517,0.59,64.7,0.821,-0.244,0.59,0.581,0.21,1
2017Germany,Germany,2017,7.074,10.878,0.892,71.9,0.841,0.145,0.414,0.737,0.196,34
2017Ghana,Ghana,2017,5.481,8.517,0.669,56.8,0.783,0.079,0.839,0.703,0.248,0
2017Greece,Greece,2017,5.148,10.278,0.753,72.2,0.438,-0.29,0.872,0.603,0.333,0
2017Guatemala,Guatemala,2017,6.325,9.026,0.826,64.5,0.915,-0.059,0.8,0.846,0.308,0
2017Guinea,Guinea,2017,4.874,7.792,0.634,53.3,0.738,0.038,0.75,0.704,0.422,0
2017Haiti,Haiti,2017,3.824,7.475,0.647,55.5,0.484,0.381,0.647,0.573,0.322,0
2017Honduras,Honduras,2017,6.02,8.624,0.843,67,0.898,0.072,0.783,0.842,0.248,0
2017Hong Kong S.A.R. of China,Hong Kong S.A.R. of China,2017,5.362,11,0.831,,0.831,0.14,0.416,0.64,0.201,0
2017Hungary,Hungary,2017,6.065,10.293,0.877,67.2,0.661,-0.139,0.886,0.735,0.181,0
2017Iceland,Iceland,2017,7.476,10.925,0.967,73,0.939,0.246,0.727,0.895,0.148,0
2017India,India,2017,4.046,8.73,0.607,59.7,0.886,-0.042,0.781,0.682,0.318,21
2017Indonesia,Indonesia,2017,5.098,9.3,0.796,61.9,0.865,0.488,0.9,0.863,0.319,4
2017Iran,Iran,2017,4.717,9.584,0.714,65.7,0.731,0.218,0.715,0.694,0.439,0
2017Iraq,Iraq,2017,4.462,9.303,0.695,59.6,0.628,0,0.757,0.505,0.591,0
2017Ireland,Ireland,2017,7.06,11.266,0.943,72.2,0.905,0.216,0.337,0.833,0.213,3
2017Israel,Israel,2017,7.331,10.57,0.916,73.1,0.768,0.145,0.793,0.674,0.276,4
2017Italy,Italy,2017,6.199,10.64,0.92,73.4,0.633,-0.035,0.867,0.661,0.323,9
2017Ivory Coast,Ivory Coast,2017,5.038,8.483,0.661,48.9,0.732,-0.111,0.771,0.698,0.357,0
2017Jamaica,Jamaica,2017,5.89,9.169,0.913,67.1,0.861,-0.13,0.883,0.769,0.243,0
2017Japan,Japan,2017,5.911,10.618,0.882,74.9,0.849,-0.206,0.659,0.74,0.176,6
2017Jordan,Jordan,2017,4.808,9.194,0.815,66.6,0.766,-0.152,,0.628,0.392,0
2017Kazakhstan,Kazakhstan,2017,5.882,10.121,0.914,64,0.745,-0.035,0.755,0.757,0.171,0
2017Kenya,Kenya,2017,4.476,8.306,0.715,59.5,0.853,0.234,0.854,0.788,0.23,0
2017Kosovo,Kosovo,2017,6.149,9.262,0.792,,0.858,0.117,0.925,0.738,0.186,0
2017Kuwait,Kuwait,2017,6.094,10.837,0.853,66.5,0.884,-0.005,,0.692,0.307,0
2017Kyrgyzstan,Kyrgyzstan,2017,5.63,8.526,0.883,63.8,0.859,0.143,0.874,0.755,0.16,0
2017Laos,Laos,2017,4.623,8.89,0.707,58.3,0.891,0.073,0.592,0.873,0.344,0
2017Latvia,Latvia,2017,5.978,10.257,0.895,66.5,0.7,-0.154,0.798,0.623,0.232,0
2017Lebanon,Lebanon,2017,5.154,9.681,0.777,66.6,0.605,-0.074,0.911,0.515,0.244,0
2017Lesotho,Lesotho,2017,3.795,7.931,0.769,47.3,0.757,-0.145,0.797,0.746,0.255,0
2017Liberia,Liberia,2017,4.424,7.324,0.685,55.3,0.733,-0.012,0.867,0.668,0.391,0
2017Libya,Libya,2017,5.647,9.491,0.823,62.3,0.779,-0.019,0.673,0.697,0.379,0
2017Lithuania,Lithuania,2017,6.273,10.429,0.926,66.7,0.749,-0.174,0.79,0.608,0.195,0
2017Luxembourg,Luxembourg,2017,7.061,11.634,0.905,72.6,0.903,0.044,0.33,0.766,0.184,0
2017Madagascar,Madagascar,2017,4.079,7.368,0.626,58.7,0.57,-0.033,0.847,0.752,0.375,0
2017Malawi,Malawi,2017,3.417,6.945,0.555,56.9,0.848,0.025,0.735,0.609,0.312,0
2017Mali,Mali,2017,4.742,7.718,0.741,51.2,0.753,-0.069,0.863,0.742,0.393,0
2017Malta,Malta,2017,6.676,10.635,0.937,72.2,0.924,0.253,0.69,0.721,0.302,0
2017Mauritania,Mauritania,2017,4.678,8.533,0.779,56.7,0.527,-0.153,0.777,0.637,0.272,0
2017Mauritius,Mauritius,2017,6.174,9.972,0.91,66.1,0.912,0.087,0.818,0.748,0.169,0
2017Mexico,Mexico,2017,6.41,9.893,0.8,68,0.861,-0.202,0.801,0.843,0.231,7
2017Moldova,Moldova,2017,5.326,9.363,0.831,64.3,0.553,-0.053,0.926,0.581,0.259,0
2017Mongolia,Mongolia,2017,5.334,9.334,0.924,62.1,0.675,0.119,0.865,0.675,0.214,0
2017Montenegro,Montenegro,2017,5.615,9.885,0.881,68.3,0.626,-0.083,0.756,0.519,0.35,0
2017Morocco,Morocco,2017,5.312,8.898,0.641,65.6,0.814,-0.216,0.841,0.559,0.323,0
2017Mozambique,Mozambique,2017,4.28,7.157,0.678,53.2,0.823,-0.03,0.682,0.648,0.353,0
2017Myanmar,Myanmar,2017,4.154,8.464,0.795,58.7,0.886,0.65,0.619,0.746,0.282,0
2017Namibia,Namibia,2017,4.441,9.215,0.828,56.2,0.81,-0.19,0.831,0.721,0.277,0
2017Nepal,Nepal,2017,4.737,8.039,0.816,62.4,0.845,0.134,0.77,0.571,0.376,0
2017Netherlands,Netherlands,2017,7.459,10.921,0.937,72.2,0.92,0.25,0.363,0.852,0.185,2
2017New Zealand,New Zealand,2017,7.327,10.633,0.955,73,0.942,0.294,0.222,0.817,0.172,1
2017Nicaragua,Nicaragua,2017,6.476,8.7,0.838,67.2,0.922,0.01,0.673,0.85,0.308,0
2017Niger,Niger,2017,4.616,7.058,0.582,53,0.684,-0.03,0.778,0.731,0.427,0
2017Nigeria,Nigeria,2017,5.322,8.555,0.733,49.3,0.826,0.124,0.835,0.725,0.236,2
2017North Macedonia,North Macedonia,2017,5.234,9.65,0.8,65.303,0.752,-0.059,0.856,0.502,0.299,0
2017Norway,Norway,2017,7.579,11.05,0.95,73.1,0.953,0.236,0.25,0.849,0.203,1
2017Pakistan,Pakistan,2017,5.831,8.428,0.69,58.1,0.713,0.045,0.714,0.586,0.308,0
2017Palestinian Territories,Palestinian Territories,2017,4.628,8.485,0.824,,0.632,-0.163,0.831,0.597,0.416,0
2017Panama,Panama,2017,6.568,10.324,0.912,69.5,0.9,-0.17,0.841,0.833,0.242,0
2017Paraguay,Paraguay,2017,5.713,9.441,0.902,65.5,0.891,0.003,0.81,0.903,0.232,0
2017Peru,Peru,2017,5.711,9.434,0.83,67.8,0.827,-0.154,0.895,0.789,0.394,0
2017Philippines,Philippines,2017,5.594,9.002,0.851,61.8,0.926,-0.141,0.711,0.769,0.341,2
2017Poland,Poland,2017,6.201,10.314,0.882,68.9,0.831,-0.122,0.639,0.677,0.203,0
2017Portugal,Portugal,2017,5.711,10.407,0.9,72.2,0.905,-0.176,0.881,0.649,0.294,1
2017Romania,Romania,2017,6.09,10.211,0.811,66.9,0.839,-0.16,0.926,0.734,0.231,0
2017Russia,Russia,2017,5.579,10.166,0.896,63.9,0.731,-0.145,0.862,0.71,0.195,28
2017Rwanda,Rwanda,2017,3.108,7.588,0.517,60.5,0.908,0.051,0.214,0.762,0.358,0
2017Saudi Arabia,Saudi Arabia,2017,6.294,10.764,0.84,66,0.814,-0.131,,0.775,0.306,3
2017Senegal,Senegal,2017,4.683,8.072,0.744,59.2,0.687,-0.044,0.825,0.746,0.291,0
2017Serbia,Serbia,2017,5.122,9.713,0.884,67.8,0.685,-0.077,0.851,0.51,0.326,0
2017Sierra Leone,Sierra Leone,2017,4.09,7.404,0.652,49.2,0.711,0.079,0.848,0.6,0.495,0
2017Singapore,Singapore,2017,6.378,11.461,0.897,76.5,0.926,0.136,0.162,0.8,0.179,5
2017Slovakia,Slovakia,2017,6.366,10.339,0.913,68.6,0.714,-0.055,0.92,0.788,0.213,0
2017Slovenia,Slovenia,2017,6.167,10.509,0.928,70.8,0.921,-0.025,0.829,0.615,0.286,0
2017South Africa,South Africa,2017,4.514,9.45,0.87,56.1,0.787,-0.129,0.865,0.785,0.268,3
2017South Korea,South Korea,2017,5.874,10.621,0.807,73.3,0.538,0.014,0.851,0.623,0.235,6
2017South Sudan,South Sudan,2017,2.817,,0.557,51,0.456,,0.761,0.586,0.517,0
2017Spain,Spain,2017,6.23,10.586,0.903,74.1,0.756,-0.032,0.791,0.625,0.302,3
2017Sri Lanka,Sri Lanka,2017,4.331,9.44,0.823,67,0.827,0.094,0.844,0.795,0.27,0
2017Sweden,Sweden,2017,7.287,10.873,0.914,72.5,0.935,0.17,0.239,0.814,0.175,11
2017Switzerland,Switzerland,2017,7.474,11.115,0.95,73.8,0.925,0.18,0.316,0.774,0.196,11
2017Taiwan Province of China,Taiwan Province of China,2017,6.359,10.871,0.891,,0.76,-0.07,0.743,0.837,0.114,0
2017Tajikistan,Tajikistan,2017,5.829,8.036,0.663,63.8,0.832,0.124,0.718,0.603,0.278,0
2017Tanzania,Tanzania,2017,3.347,7.836,0.705,57,0.8,0.116,0.654,0.715,0.255,0
2017Thailand,Thailand,2017,5.939,9.765,0.877,67,0.923,0.212,0.884,0.816,0.232,4
2017Togo,Togo,2017,4.361,7.324,0.508,54.3,0.717,-0.042,0.726,0.614,0.426,0
2017Trinidad and Tobago,Trinidad and Tobago,2017,6.192,10.183,0.916,63.5,0.859,0.015,0.911,0.846,0.248,0
2017Tunisia,Tunisia,2017,4.124,9.269,0.717,66.6,0.478,-0.219,0.869,0.421,0.377,0
2017Turkey,Turkey,2017,5.607,10.238,0.876,66.4,0.644,-0.237,0.671,0.45,0.313,0
2017Turkmenistan,Turkmenistan,2017,5.229,9.561,0.908,61.8,0.72,0.066,,0.521,0.35,0
2017Uganda,Uganda,2017,4.001,7.638,0.74,55.3,0.772,0.06,0.816,0.703,0.4,0
2017Ukraine,Ukraine,2017,4.311,9.382,0.858,64.3,0.599,-0.002,0.937,0.597,0.235,1
2017United Arab Emirates,United Arab Emirates,2017,7.039,11.115,0.836,66.9,0.962,0.216,,0.795,0.208,3
2017United Kingdom,United Kingdom,2017,7.103,10.736,0.937,72.1,0.813,0.291,0.419,0.759,0.21,13
2017United States,United States,2017,6.992,11.001,0.921,68.4,0.868,0.197,0.681,0.827,0.268,183
2017Uruguay,Uruguay,2017,6.336,9.968,0.914,68.9,0.898,-0.091,0.627,0.836,0.28,0
2017Uzbekistan,Uzbekistan,2017,6.421,8.782,0.942,64.8,0.985,0.123,0.465,0.839,0.203,0
2017Venezuela,Venezuela,2017,5.071,9.073,0.896,66.3,0.636,-0.169,0.844,0.726,0.363,0
2017Vietnam,Vietnam,2017,5.175,8.876,,67.7,,,,,,0
2017Yemen,Yemen,2017,3.254,7.578,0.79,55.9,0.595,-0.147,,0.455,0.295,0
2017Zambia,Zambia,2017,3.933,8.156,0.744,54.8,0.823,0.14,0.74,0.685,0.387,0
2017Zimbabwe,Zimbabwe,2017,3.638,8.016,0.754,55,0.753,-0.098,0.751,0.806,0.224,0
2018Afghanistan,Afghanistan,2018,2.694,7.692,0.508,52.6,0.374,-0.094,0.928,0.424,0.405,0
2018Albania,Albania,2018,5.004,9.518,0.684,68.7,0.824,0.009,0.899,0.713,0.319,0
2018Algeria,Algeria,2018,5.043,9.348,0.799,65.9,0.583,-0.146,0.759,0.591,0.293,0
2018Argentina,Argentina,2018,5.793,10.032,0.9,68.8,0.846,-0.211,0.855,0.82,0.321,0
2018Armenia,Armenia,2018,5.062,9.451,0.814,66.9,0.808,-0.163,0.677,0.581,0.455,0
2018Australia,Australia,2018,7.177,10.811,0.94,73.6,0.916,0.146,0.405,0.759,0.187,6
2018Austria,Austria,2018,7.396,10.928,0.912,73,0.904,0.053,0.523,0.752,0.226,2
2018Azerbaijan,Azerbaijan,2018,5.168,9.562,0.781,65.5,0.772,-0.232,0.561,0.593,0.191,0
2018Bangladesh,Bangladesh,2018,4.499,8.399,0.706,64.3,0.901,-0.043,0.701,0.541,0.361,0
2018Belarus,Belarus,2018,5.234,9.846,0.905,66.1,0.644,-0.174,0.718,0.45,0.236,0
2018Belgium,Belgium,2018,6.892,10.844,0.93,72,0.808,-0.125,0.63,0.75,0.25,1
2018Benin,Benin,2018,5.82,8.059,0.504,54.3,0.713,0.002,0.747,0.647,0.468,0
2018Bolivia,Bolivia,2018,5.916,9.066,0.827,63.6,0.863,-0.093,0.786,0.742,0.387,0
2018Bosnia and Herzegovina,Bosnia and Herzegovina,2018,5.887,9.576,0.836,67.8,0.659,0.123,0.913,0.643,0.277,0
2018Botswana,Botswana,2018,3.461,9.778,0.795,58.9,0.818,-0.254,0.807,0.73,0.267,0
2018Brazil,Brazil,2018,6.191,9.589,0.882,66.4,0.751,-0.117,0.763,0.75,0.35,9
2018Bulgaria,Bulgaria,2018,5.099,10.007,0.924,66.8,0.724,-0.176,0.952,0.639,0.189,0
2018Burkina Faso,Burkina Faso,2018,4.927,7.665,0.665,53.9,0.721,-0.013,0.757,0.711,0.343,0
2018Burundi,Burundi,2018,3.775,6.635,0.485,53.4,0.646,-0.024,0.599,0.666,0.363,0
2018Cambodia,Cambodia,2018,5.122,8.333,0.795,61.6,0.958,0.036,,0.845,0.414,0
2018Cameroon,Cameroon,2018,5.251,8.19,0.677,52.7,0.816,0.036,0.884,0.642,0.356,0
2018Canada,Canada,2018,7.175,10.798,0.923,73.6,0.946,0.106,0.372,0.824,0.259,9
2018Chad,Chad,2018,4.486,7.363,0.577,48.2,0.65,0.024,0.763,0.553,0.544,0
2018Chile,Chile,2018,6.436,10.097,0.89,69.9,0.789,-0.06,0.816,0.833,0.276,3
2018China,China,2018,5.131,9.632,0.788,69.3,0.895,-0.159,,0.856,0.19,50
2018Colombia,Colombia,2018,5.984,9.579,0.871,67.7,0.851,-0.148,0.855,0.825,0.301,1
2018Comoros,Comoros,2018,3.973,8.028,0.621,57.2,0.56,0.086,0.794,0.748,0.337,0
2018Congo (Brazzaville),Congo (Brazzaville),2018,5.49,8.136,0.621,57.9,0.699,-0.092,0.738,0.588,0.448,0
2018Costa Rica,Costa Rica,2018,7.141,9.874,0.876,71.3,0.942,-0.107,0.781,0.87,0.326,0
2018Croatia,Croatia,2018,5.536,10.224,0.91,70.2,0.691,-0.151,0.925,0.582,0.29,0
2018Cyprus,Cyprus,2018,6.276,10.567,0.826,73.7,0.794,-0.022,0.848,0.75,0.298,1
2018Czech Republic,Czech Republic,2018,7.034,10.583,0.929,70.3,0.79,-0.292,0.851,0.714,0.178,2
2018Denmark,Denmark,2018,7.649,10.935,0.958,72.4,0.935,0.018,0.151,0.821,0.206,6
2018Dominican Republic,Dominican Republic,2018,5.433,9.782,0.862,65.8,0.867,-0.15,0.762,0.745,0.291,0
2018Ecuador,Ecuador,2018,6.128,9.355,0.851,68.5,0.869,-0.099,0.831,0.876,0.328,0
2018Egypt,Egypt,2018,4.005,9.338,0.759,61.7,0.682,-0.215,,0.492,0.285,1
2018El Salvador,El Salvador,2018,6.241,9.061,0.82,66.1,0.863,-0.095,0.801,0.86,0.27,0
2018Estonia,Estonia,2018,6.091,10.472,0.933,68.6,0.886,-0.141,0.621,0.795,0.163,0
2018Ethiopia,Ethiopia,2018,4.379,7.651,0.74,58.5,0.74,0.039,0.799,0.66,0.272,0
2018Finland,Finland,2018,7.858,10.783,0.962,71.9,0.938,-0.127,0.199,0.782,0.182,0
2018France,France,2018,6.666,10.727,0.921,73.8,0.816,-0.138,0.582,0.767,0.282,17
2018Gabon,Gabon,2018,4.783,9.599,0.785,59.7,0.719,-0.197,0.823,0.641,0.418,0
2018Gambia,Gambia,2018,4.922,7.671,0.685,55,0.719,0.44,0.691,0.804,0.379,0
2018Georgia,Georgia,2018,4.659,9.565,0.617,64.5,0.775,-0.233,0.755,0.573,0.244,1
2018Germany,Germany,2018,7.118,10.89,0.92,72.2,0.877,0.034,0.496,0.78,0.243,39
2018Ghana,Ghana,2018,5.004,8.555,0.761,57.2,0.817,0.062,0.846,0.747,0.25,0
2018Greece,Greece,2018,5.409,10.299,0.794,72.4,0.564,-0.335,0.86,0.666,0.255,0
2018Guatemala,Guatemala,2018,6.627,9.042,0.841,64.8,0.91,-0.01,0.765,0.871,0.262,0
2018Guinea,Guinea,2018,5.252,7.823,0.63,54.4,0.731,0.092,0.778,0.744,0.44,0
2018Haiti,Haiti,2018,3.615,7.477,0.538,55.7,0.591,0.422,0.72,0.584,0.359,0
2018Honduras,Honduras,2018,5.908,8.643,0.827,67.2,0.872,0.099,0.804,0.872,0.287,0
2018Hungary,Hungary,2018,5.936,10.344,0.941,67.6,0.693,-0.243,0.911,0.676,0.201,0
2018India,India,2018,3.818,8.779,0.638,60.1,0.89,0.085,0.805,0.657,0.357,26
2018Indonesia,Indonesia,2018,5.34,9.339,0.809,62.1,0.879,0.512,0.868,0.864,0.296,3
2018Iran,Iran,2018,4.278,,0.674,66,0.603,,0.703,0.553,0.493,0
2018Iraq,Iraq,2018,4.886,9.274,0.764,60.2,0.598,-0.068,0.887,0.605,0.482,0
2018Ireland,Ireland,2018,6.962,11.332,0.938,72.3,0.861,0.144,0.362,0.811,0.213,3
2018Israel,Israel,2018,6.927,10.585,0.91,73.3,0.725,0.055,0.77,0.663,0.282,3
2018Italy,Italy,2018,6.517,10.65,0.913,73.6,0.65,-0.021,0.888,0.649,0.403,8
2018Ivory Coast,Ivory Coast,2018,5.268,8.523,0.621,49.5,0.713,-0.05,0.791,0.682,0.386,0
2018Japan,Japan,2018,5.794,10.623,0.886,75,0.773,-0.261,0.687,0.703,0.185,8
2018Jordan,Jordan,2018,4.639,9.196,0.8,66.8,0.762,-0.186,,,,0
2018Kazakhstan,Kazakhstan,2018,6.008,10.148,0.937,64.6,0.84,-0.098,0.824,0.693,0.162,0
2018Kenya,Kenya,2018,4.656,8.344,0.707,60.1,0.821,0.291,0.844,0.759,0.237,0
2018Kosovo,Kosovo,2018,6.392,9.296,0.822,,0.89,0.269,0.922,0.778,0.17,0
2018Kyrgyzstan,Kyrgyzstan,2018,5.297,8.543,0.898,64.1,0.945,0.267,0.907,0.763,0.203,0
2018Laos,Laos,2018,4.859,8.935,0.705,58.7,0.907,0.141,0.634,0.852,0.332,0
2018Latvia,Latvia,2018,5.901,10.307,0.913,66.8,0.608,-0.212,0.799,0.585,0.192,0
2018Lebanon,Lebanon,2018,5.167,9.656,0.829,67.1,0.607,-0.066,0.907,0.464,0.271,0
2018Liberia,Liberia,2018,4.135,7.311,0.727,56.1,0.766,0.05,0.868,0.66,0.436,0
2018Libya,Libya,2018,5.494,9.617,0.824,62.3,0.781,-0.101,0.646,0.706,0.399,0
2018Lithuania,Lithuania,2018,6.309,10.474,0.929,67.3,0.699,-0.237,0.852,0.517,0.214,0
2018Luxembourg,Luxembourg,2018,7.243,11.645,0.902,72.6,0.884,-0.022,0.385,0.75,0.202,0
2018Madagascar,Madagascar,2018,4.071,7.386,0.666,59.1,0.551,0.003,0.889,0.752,0.362,0
2018Malawi,Malawi,2018,3.335,6.949,0.528,57.6,0.799,0.073,0.766,0.586,0.365,0
2018Malaysia,Malaysia,2018,5.339,10.223,0.789,67,0.875,0.127,0.894,0.824,0.2,6
2018Maldives,Maldives,2018,5.198,9.826,0.913,70.6,0.855,0.024,,,,0
2018Mali,Mali,2018,4.416,7.733,0.692,51.7,0.737,-0.034,0.793,0.77,0.37,0
2018Malta,Malta,2018,6.91,10.67,0.932,72.2,0.927,0.179,0.595,0.721,0.296,0
2018Mauritania,Mauritania,2018,4.314,8.526,0.802,57,0.467,-0.112,0.711,0.663,0.276,0
2018Mauritius,Mauritius,2018,5.882,10.008,0.909,66.4,0.867,-0.073,0.785,0.774,0.158,0
2018Mexico,Mexico,2018,6.55,9.903,0.858,68.3,0.816,-0.179,0.809,0.882,0.213,8
2018Moldova,Moldova,2018,5.682,9.423,0.892,65,0.824,-0.084,0.929,0.582,0.27,0
2018Mongolia,Mongolia,2018,5.465,9.386,0.942,62.3,0.696,0.054,0.849,0.654,0.192,0
2018Montenegro,Montenegro,2018,5.65,9.934,0.856,68.5,0.626,-0.051,0.769,0.59,0.355,0
2018Morocco,Morocco,2018,4.897,8.914,0.554,65.9,0.773,-0.234,0.843,0.638,0.416,0
2018Mozambique,Mozambique,2018,4.654,7.162,0.738,54.2,0.897,0.049,0.691,0.64,0.397,0
2018Myanmar,Myanmar,2018,4.411,8.523,0.774,59,0.906,0.49,0.647,0.777,0.3,0
2018Namibia,Namibia,2018,4.834,9.204,0.864,56.5,0.754,-0.169,0.846,0.739,0.24,0
2018Nepal,Nepal,2018,4.91,8.087,0.768,63.5,0.77,0.122,0.742,0.537,0.387,0
2018Netherlands,Netherlands,2018,7.463,10.941,0.939,72.3,0.92,0.161,0.371,0.862,0.205,2
2018New Zealand,New Zealand,2018,7.37,10.66,0.954,73.2,0.949,0.12,0.207,0.845,0.168,1
2018Nicaragua,Nicaragua,2018,5.819,8.647,0.854,67.5,0.797,0.009,0.713,0.793,0.408,0
2018Niger,Niger,2018,5.164,7.087,0.612,53.5,0.791,0.009,0.637,0.771,0.503,0
2018Nigeria,Nigeria,2018,5.252,8.548,0.741,49.7,0.79,-0.01,0.866,0.805,0.256,2
2018North Cyprus,North Cyprus,2018,5.608,,0.837,,0.797,,0.614,0.48,0.262,0
2018North Macedonia,North Macedonia,2018,5.24,9.677,0.849,65.389,0.745,-0.041,0.91,0.59,0.298,0
2018Norway,Norway,2018,7.444,11.056,0.966,73.2,0.96,0.094,0.268,0.827,0.212,2
2018Pakistan,Pakistan,2018,5.472,8.464,0.685,58.5,0.773,0.069,0.799,0.567,0.377,0
2018Palestinian Territories,Palestinian Territories,2018,4.554,,0.819,,0.655,,0.814,0.61,0.419,0
2018Panama,Panama,2018,6.281,10.343,0.904,69.6,0.861,-0.131,0.837,0.884,0.223,0
2018Peru,Peru,2018,5.68,9.456,0.845,68.1,0.83,-0.178,0.906,0.809,0.38,0
2018Philippines,Philippines,2018,5.869,9.05,0.846,61.9,0.918,-0.108,0.726,0.773,0.393,4
2018Poland,Poland,2018,6.111,10.366,0.863,69.3,0.87,-0.254,0.72,0.742,0.176,0
2018Portugal,Portugal,2018,5.92,10.434,0.887,72.4,0.877,-0.261,0.88,0.679,0.318,1
2018Romania,Romania,2018,6.151,10.26,0.818,67.2,0.845,-0.217,0.921,0.735,0.298,0
2018Russia,Russia,2018,5.514,10.191,0.909,64.3,0.729,-0.147,0.865,0.673,0.199,27
2018Rwanda,Rwanda,2018,3.561,7.644,0.616,61.1,0.924,0.057,0.164,0.793,0.308,0
2018Saudi Arabia,Saudi Arabia,2018,6.356,10.771,0.868,66.3,0.855,-0.192,,0.764,0.288,0
2018Senegal,Senegal,2018,4.769,8.106,0.739,59.6,0.629,-0.074,0.805,0.714,0.247,0
2018Serbia,Serbia,2018,5.936,9.762,0.853,68.2,0.74,-0.1,0.864,0.559,0.296,0
2018Sierra Leone,Sierra Leone,2018,4.306,7.417,0.65,50.8,0.716,0.095,0.856,0.552,0.466,0
2018Singapore,Singapore,2018,6.375,11.49,0.903,76.8,0.916,-0.066,0.097,0.787,0.107,4
2018Slovakia,Slovakia,2018,6.235,10.376,0.922,68.9,0.758,-0.167,0.91,0.754,0.253,0
2018Slovenia,Slovenia,2018,6.249,10.546,0.941,71.1,0.942,-0.119,0.839,0.644,0.275,0
2018South Africa,South Africa,2018,4.884,9.444,0.841,56.5,0.753,-0.05,0.841,0.812,0.283,2
2018South Korea,South Korea,2018,5.84,10.643,0.798,73.6,0.6,-0.089,0.797,0.661,0.217,8
2018Spain,Spain,2018,6.513,10.605,0.91,74.4,0.722,-0.075,0.777,0.659,0.357,4
2018Sri Lanka,Sri Lanka,2018,4.435,9.462,0.833,67.2,0.859,0.106,0.856,0.831,0.302,0
2018Swaziland,Swaziland,2018,4.212,9.06,0.779,50.353,0.71,-0.178,0.692,0.824,0.252,0
2018Sweden,Sweden,2018,7.375,10.881,0.931,72.6,0.942,0.077,0.263,0.823,0.161,11
2018Switzerland,Switzerland,2018,7.509,11.134,0.93,74.1,0.926,0.101,0.301,0.792,0.192,10
2018Taiwan Province of China,Taiwan Province of China,2018,6.467,,0.896,,0.741,,0.736,0.848,0.093,0
2018Tajikistan,Tajikistan,2018,5.497,8.082,0.875,64.1,,-0.065,0.578,0.695,0.22,0
2018Tanzania,Tanzania,2018,3.445,7.859,0.675,57.5,0.807,0.153,0.612,0.762,0.221,0
2018Thailand,Thailand,2018,6.012,9.803,0.873,67.2,0.905,0.259,0.907,0.843,0.198,3
2018Togo,Togo,2018,4.023,7.348,0.596,54.7,0.612,-0.007,0.809,0.608,0.446,0
2018Tunisia,Tunisia,2018,4.741,9.284,0.733,66.9,0.65,-0.191,0.84,0.592,0.365,0
2018Turkey,Turkey,2018,5.186,10.251,0.847,66.8,0.529,-0.176,0.805,0.435,0.351,1
2018Turkmenistan,Turkmenistan,2018,4.621,9.605,0.984,62.2,0.858,0.26,,0.612,0.189,0
2018Uganda,Uganda,2018,4.322,7.66,0.74,55.7,0.729,0.079,0.856,0.685,0.39,0
2018Ukraine,Ukraine,2018,4.662,9.42,0.901,64.6,0.663,-0.074,0.943,0.609,0.222,1
2018United Arab Emirates,United Arab Emirates,2018,6.604,11.112,0.851,67.1,0.944,0.054,,0.787,0.302,2
2018United Kingdom,United Kingdom,2018,7.233,10.743,0.928,72.3,0.838,0.226,0.404,0.783,0.228,18
2018United States,United States,2018,6.883,11.025,0.904,68.3,0.825,0.116,0.71,0.815,0.292,158
2018Uruguay,Uruguay,2018,6.372,9.98,0.917,69,0.876,-0.097,0.683,0.877,0.275,0
2018Uzbekistan,Uzbekistan,2018,6.205,8.818,0.921,65.1,0.97,0.318,0.52,0.825,0.209,0
2018Venezuela,Venezuela,2018,5.006,,0.887,66.5,0.611,,0.828,0.759,0.374,1
2018Vietnam,Vietnam,2018,5.296,8.934,0.832,67.9,0.909,-0.041,0.808,0.692,0.191,0
2018Yemen,Yemen,2018,3.058,,0.789,56.7,0.553,,0.793,0.461,0.315,0
2018Zambia,Zambia,2018,4.041,8.167,0.718,55.3,0.791,0.048,0.811,0.703,0.351,0
2018Zimbabwe,Zimbabwe,2018,3.616,8.049,0.775,55.6,0.763,-0.068,0.844,0.71,0.212,0
2019Afghanistan,Afghanistan,2019,2.375,7.697,0.42,52.4,0.394,-0.108,0.924,0.351,0.502,0
2019Albania,Albania,2019,4.995,9.544,0.686,69,0.777,-0.099,0.914,0.681,0.274,0
2019Algeria,Algeria,2019,4.745,9.337,0.803,66.1,0.385,0.005,0.741,0.585,0.215,0
2019Argentina,Argentina,2019,6.086,10,0.896,69,0.817,-0.211,0.83,0.826,0.319,0
2019Armenia,Armenia,2019,5.488,9.522,0.782,67.2,0.844,-0.172,0.583,0.598,0.43,0
2019Australia,Australia,2019,7.234,10.815,0.943,73.9,0.918,0.121,0.43,0.77,0.202,10
2019Austria,Austria,2019,7.195,10.939,0.964,73.3,0.903,0.06,0.457,0.774,0.205,2
2019Azerbaijan,Azerbaijan,2019,5.173,9.575,0.887,65.8,0.854,-0.214,0.457,0.643,0.164,0
2019Bahrain,Bahrain,2019,7.098,10.715,0.878,69.3,0.907,0.048,,0.762,0.317,0
2019Bangladesh,Bangladesh,2019,5.114,8.467,0.673,64.8,0.902,-0.051,0.656,0.537,0.369,0
2019Belarus,Belarus,2019,5.821,9.86,0.917,66.4,0.657,-0.186,0.546,0.591,0.19,0
2019Belgium,Belgium,2019,6.772,10.853,0.884,72.2,0.776,-0.172,0.672,0.733,0.244,0
2019Benin,Benin,2019,4.976,8.098,0.442,54.7,0.77,-0.016,0.698,0.659,0.441,0
2019Bolivia,Bolivia,2019,5.674,9.074,0.784,63.9,0.881,-0.086,0.857,0.751,0.419,0
2019Bosnia and Herzegovina,Bosnia and Herzegovina,2019,6.016,9.609,0.873,68.1,0.722,0.079,0.963,0.633,0.238,0
2019Botswana,Botswana,2019,3.471,9.785,0.774,59.6,0.833,-0.239,0.792,0.712,0.273,0
2019Brazil,Brazil,2019,6.451,9.592,0.899,66.6,0.83,-0.062,0.762,0.761,0.337,13
2019Bulgaria,Bulgaria,2019,5.108,10.047,0.948,67,0.822,-0.109,0.943,0.663,0.2,0
2019Burkina Faso,Burkina Faso,2019,4.741,7.691,0.683,54.4,0.678,-0.004,0.729,0.691,0.365,0
2019Cambodia,Cambodia,2019,4.998,8.387,0.759,62,0.957,0.013,0.828,0.844,0.39,0
2019Cameroon,Cameroon,2019,4.937,8.203,0.711,53.5,0.712,-0.008,0.817,0.629,0.326,0
2019Canada,Canada,2019,7.109,10.8,0.925,73.8,0.912,0.112,0.436,0.822,0.285,12
2019Chad,Chad,2019,4.251,7.365,0.64,48.7,0.537,0.055,0.832,0.587,0.46,0
2019Chile,Chile,2019,5.942,10.095,0.869,70,0.659,-0.103,0.86,0.809,0.337,1
2019China,China,2019,5.144,9.688,0.822,69.6,0.927,-0.173,,0.891,0.147,44
2019Colombia,Colombia,2019,6.35,9.598,0.873,68,0.822,-0.172,0.854,0.822,0.322,3
2019Comoros,Comoros,2019,4.609,8.033,0.632,57.5,0.538,0.077,0.762,0.736,0.336,0
2019Congo (Brazzaville),Congo (Brazzaville),2019,5.213,8.101,0.625,58.5,0.686,-0.046,0.741,0.645,0.405,0
2019Costa Rica,Costa Rica,2019,6.998,9.885,0.906,71.5,0.927,-0.146,0.836,0.848,0.303,0
2019Croatia,Croatia,2019,5.626,10.258,0.936,70.8,0.739,-0.137,0.932,0.551,0.269,0
2019Cyprus,Cyprus,2019,6.137,10.585,0.776,73.9,0.74,-0.008,0.865,0.763,0.29,1
2019Denmark,Denmark,2019,7.693,10.954,0.958,72.7,0.963,0.02,0.174,0.862,0.181,6
2019Dominican Republic,Dominican Republic,2019,6.004,9.821,0.884,66.1,0.877,-0.123,0.746,0.784,0.264,0
2019Ecuador,Ecuador,2019,5.809,9.339,0.808,68.8,0.83,-0.115,0.839,0.811,0.374,0
2019Egypt,Egypt,2019,4.328,9.373,0.772,62,0.774,-0.199,,0.517,0.313,2
2019El Salvador,El Salvador,2019,6.455,9.08,0.764,66.4,0.877,-0.109,0.682,0.871,0.271,0
2019Estonia,Estonia,2019,6.035,10.511,0.934,68.8,0.887,-0.096,0.576,0.804,0.156,0
2019Ethiopia,Ethiopia,2019,4.1,7.705,0.748,59,0.754,0.053,0.732,0.631,0.283,0
2019Finland,Finland,2019,7.78,10.792,0.937,72,0.948,-0.052,0.195,0.755,0.181,1
2019France,France,2019,6.69,10.74,0.958,74,0.827,-0.133,0.568,0.735,0.25,11
2019Gabon,Gabon,2019,4.914,9.607,0.763,60.2,0.736,-0.203,0.846,0.693,0.413,0
2019Gambia,Gambia,2019,5.164,7.699,0.694,55.3,0.677,0.41,0.798,0.773,0.401,0
2019Georgia,Georgia,2019,4.892,9.617,0.675,64.3,0.811,-0.26,0.647,0.604,0.244,1
2019Germany,Germany,2019,7.035,10.893,0.886,72.5,0.885,0.057,0.462,0.751,0.226,32
2019Ghana,Ghana,2019,4.967,8.596,0.746,57.6,0.787,0.116,0.857,0.682,0.27,0
2019Greece,Greece,2019,5.952,10.319,0.891,72.6,0.614,-0.289,0.848,0.668,0.236,0
2019Guatemala,Guatemala,2019,6.262,9.064,0.774,65.1,0.901,-0.062,0.773,0.859,0.311,0
2019Guinea,Guinea,2019,4.768,7.849,0.655,55.5,0.691,0.097,0.756,0.685,0.473,0
2019Honduras,Honduras,2019,5.93,8.653,0.797,67.4,0.846,0.063,0.815,0.85,0.279,0
2019Hong Kong S.A.R. of China,Hong Kong S.A.R. of China,2019,5.659,11,0.856,,0.727,0.067,0.432,0.599,0.358,0
2019Hungary,Hungary,2019,6,10.393,0.947,68,0.798,-0.195,0.884,0.743,0.18,0
2019Iceland,Iceland,2019,7.533,10.931,0.982,73,0.959,,0.699,0.836,0.178,0
2019India,India,2019,3.249,8.818,0.561,60.5,0.876,0.112,0.752,0.648,0.466,20
2019Indonesia,Indonesia,2019,5.347,9.377,0.802,62.3,0.866,0.555,0.861,0.877,0.302,5
2019Iran,Iran,2019,5.006,,0.698,66.3,0.623,,0.728,0.6,0.449,0
2019Ireland,Ireland,2019,7.255,11.371,0.944,72.4,0.892,0.074,0.373,0.807,0.223,2
2019Israel,Israel,2019,7.332,10.601,0.946,73.5,0.834,0.085,0.743,0.635,0.266,4
2019Italy,Italy,2019,6.445,10.655,0.838,73.8,0.709,-0.082,0.866,0.631,0.328,5
2019Ivory Coast,Ivory Coast,2019,5.392,8.564,0.679,50.1,0.736,-0.017,0.799,0.674,0.425,0
2019Jamaica,Jamaica,2019,6.309,9.186,0.878,67.5,0.891,-0.137,0.885,0.752,0.195,0
2019Japan,Japan,2019,5.908,10.632,0.878,75.1,0.806,-0.255,0.617,0.743,0.194,7
2019Jordan,Jordan,2019,4.453,9.201,0.793,67,0.726,-0.165,,,,0
2019Kazakhstan,Kazakhstan,2019,6.272,10.179,0.951,65.2,0.852,-0.055,0.708,0.787,0.139,0
2019Kenya,Kenya,2019,4.619,8.373,0.676,60.7,0.818,0.31,0.794,0.751,0.251,0
2019Kosovo,Kosovo,2019,6.425,9.339,0.843,,0.841,0.247,0.92,0.749,0.141,0
2019Kuwait,Kuwait,2019,6.106,10.817,0.842,66.9,0.867,-0.104,,0.695,0.303,0
2019Kyrgyzstan,Kyrgyzstan,2019,5.685,8.567,0.877,64.4,0.92,-0.002,0.885,0.766,0.207,0
2019Laos,Laos,2019,5.197,8.965,0.729,59.1,0.906,0.061,0.62,0.878,0.306,0
2019Latvia,Latvia,2019,5.97,10.336,0.936,67.1,0.698,-0.194,0.789,0.575,0.212,0
2019Lebanon,Lebanon,2019,4.024,9.597,0.866,67.6,0.447,-0.081,0.89,0.322,0.494,0
2019Lesotho,Lesotho,2019,3.512,7.926,0.79,48.7,0.716,-0.131,0.915,0.735,0.273,0
2019Liberia,Liberia,2019,5.121,7.264,0.712,56.9,0.706,0.051,0.828,0.636,0.389,0
2019Libya,Libya,2019,5.33,9.627,0.827,62.3,0.762,-0.073,0.686,0.709,0.401,0
2019Lithuania,Lithuania,2019,6.064,10.518,0.918,67.9,0.78,-0.251,0.783,0.566,0.276,0
2019Luxembourg,Luxembourg,2019,7.404,11.648,0.912,72.6,0.93,-0.045,0.39,0.789,0.212,0
2019Madagascar,Madagascar,2019,4.339,7.406,0.701,59.5,0.55,-0.012,0.72,0.723,0.304,0
2019Malawi,Malawi,2019,3.869,6.966,0.549,58.3,0.765,0.004,0.68,0.537,0.348,0
2019Malaysia,Malaysia,2019,5.428,10.252,0.842,67.2,0.916,0.123,0.782,0.834,0.176,5
2019Mali,Mali,2019,4.988,7.752,0.755,52.2,0.67,-0.038,0.846,0.712,0.358,0
2019Malta,Malta,2019,6.733,10.677,0.922,72.2,0.924,0.087,0.689,0.707,0.356,0
2019Mauritania,Mauritania,2019,4.153,8.556,0.798,57.3,0.628,-0.102,0.743,0.692,0.26,0
2019Mauritius,Mauritius,2019,6.241,10.043,0.913,66.7,0.893,-0.053,0.81,0.808,0.149,0
2019Mexico,Mexico,2019,6.432,9.891,0.852,68.6,0.903,-0.141,0.809,0.864,0.252,4
2019Moldova,Moldova,2019,5.803,9.475,0.809,65.7,0.784,-0.092,0.884,0.631,0.262,0
2019Mongolia,Mongolia,2019,5.563,9.418,0.946,62.5,0.711,0.149,0.873,0.707,0.167,0
2019Montenegro,Montenegro,2019,5.386,9.97,0.832,68.7,0.694,-0.105,0.82,0.591,0.366,0
2019Morocco,Morocco,2019,5.057,8.925,0.535,66.2,0.757,-0.244,0.757,0.589,0.41,0
2019Mozambique,Mozambique,2019,4.932,7.155,0.742,55.2,0.87,0.073,0.682,0.587,0.384,0
2019Myanmar,Myanmar,2019,4.434,8.545,0.763,59.3,0.899,0.561,0.682,0.755,0.286,0
2019Namibia,Namibia,2019,4.436,9.173,0.845,56.8,0.739,-0.174,0.879,0.672,0.256,0
2019Nepal,Nepal,2019,5.449,8.136,0.772,64.6,0.79,0.167,0.712,0.536,0.357,0
2019Netherlands,Netherlands,2019,7.425,10.953,0.941,72.4,0.886,0.213,0.36,0.838,0.231,2
2019New Zealand,New Zealand,2019,7.205,10.666,0.939,73.4,0.912,0.157,0.234,0.816,0.191,1
2019Nicaragua,Nicaragua,2019,6.113,8.595,0.874,67.8,0.883,0.029,0.622,0.835,0.337,0
2019Niger,Niger,2019,5.004,7.106,0.677,54,0.831,0.026,0.729,0.816,0.304,0
2019Nigeria,Nigeria,2019,4.356,8.544,0.734,50.1,0.729,0.032,0.873,0.715,0.245,1
2019North Cyprus,North Cyprus,2019,5.467,,0.803,,0.793,,0.64,0.494,0.296,0
2019North Macedonia,North Macedonia,2019,5.015,9.711,0.815,65.474,0.725,0.024,0.923,0.576,0.304,0
2019Norway,Norway,2019,7.442,11.061,0.942,73.3,0.954,0.111,0.271,0.823,0.195,3
2019Pakistan,Pakistan,2019,4.443,8.453,0.617,58.9,0.685,0.124,0.776,0.581,0.424,0
2019Palestinian Territories,Palestinian Territories,2019,4.483,,0.833,,0.653,,0.829,0.625,0.4,0
2019Panama,Panama,2019,6.086,10.356,0.886,69.7,0.883,-0.199,0.869,0.878,0.244,0
2019Paraguay,Paraguay,2019,5.653,9.448,0.892,65.9,0.876,0.028,0.882,0.858,0.275,0
2019Peru,Peru,2019,5.999,9.461,0.809,68.4,0.815,-0.13,0.874,0.82,0.375,0
2019Philippines,Philippines,2019,6.268,9.095,0.845,62,0.91,-0.083,0.748,0.781,0.341,3
2019Poland,Poland,2019,6.242,10.407,0.878,69.7,0.883,-0.231,0.696,0.725,0.168,0
2019Portugal,Portugal,2019,6.095,10.457,0.876,72.6,0.882,-0.234,0.915,0.71,0.3,0
2019Romania,Romania,2019,6.13,10.306,0.842,67.5,0.848,-0.221,0.954,0.697,0.244,0
2019Russia,Russia,2019,5.441,10.205,0.91,64.7,0.715,-0.116,0.848,0.691,0.2,0
2019Rwanda,Rwanda,2019,3.268,7.708,0.489,61.7,0.869,0.064,0.168,0.736,0.418,0
2019Saudi Arabia,Saudi Arabia,2019,6.561,10.757,0.912,66.6,0.891,-0.147,,0.732,0.238,4
2019Senegal,Senegal,2019,5.489,8.13,0.688,60,0.759,-0.019,0.796,0.789,0.332,0
2019Serbia,Serbia,2019,6.241,9.808,0.903,68.6,0.753,-0.04,0.813,0.509,0.242,0
2019Sierra Leone,Sierra Leone,2019,3.447,7.449,0.611,52.4,0.718,0.074,0.874,0.513,0.438,0
2019Singapore,Singapore,2019,6.378,11.486,0.925,77.1,0.938,0.027,0.07,0.723,0.138,7
2019Slovakia,Slovakia,2019,6.243,10.398,0.933,69.2,0.771,-0.129,0.926,0.75,0.252,0
2019Slovenia,Slovenia,2019,6.665,10.563,0.949,71.4,0.945,-0.102,0.785,0.679,0.228,0
2019South Africa,South Africa,2019,5.035,9.432,0.848,56.9,0.738,-0.134,0.82,0.801,0.268,3
2019South Korea,South Korea,2019,5.903,10.661,0.783,73.9,0.706,-0.055,0.718,0.684,0.236,0
2019Spain,Spain,2019,6.457,10.618,0.949,74.7,0.778,-0.049,0.73,0.663,0.316,3
2019Sri Lanka,Sri Lanka,2019,4.213,9.479,0.815,67.4,0.824,0.051,0.863,0.816,0.315,0
2019Swaziland,Swaziland,2019,4.396,9.07,0.759,51.27,0.597,-0.191,0.724,0.778,0.28,0
2019Sweden,Sweden,2019,7.398,10.882,0.934,72.7,0.942,0.091,0.25,0.826,0.202,10
2019Switzerland,Switzerland,2019,7.694,11.136,0.949,74.4,0.913,0.036,0.294,0.798,0.171,11
2019Taiwan Province of China,Taiwan Province of China,2019,6.537,,0.893,,0.814,,0.718,0.86,0.093,0
2019Tajikistan,Tajikistan,2019,5.464,8.126,0.88,64.4,,-0.045,0.49,0.729,0.178,0
2019Tanzania,Tanzania,2019,3.64,7.886,0.687,58,0.85,0.1,0.589,0.726,0.243,0
2019Thailand,Thailand,2019,6.022,9.824,0.903,67.4,0.898,0.309,0.877,0.843,0.208,7
2019Togo,Togo,2019,4.179,7.375,0.539,55.1,0.617,0.065,0.737,0.59,0.444,0
2019Tunisia,Tunisia,2019,4.315,9.283,0.61,67.2,0.659,-0.209,0.889,0.539,0.433,0
2019Turkey,Turkey,2019,4.872,10.246,0.792,67.2,0.631,-0.136,0.76,0.422,0.368,0
2019Turkmenistan,Turkmenistan,2019,5.474,9.651,0.982,62.6,0.892,0.285,,0.51,0.183,0
2019Uganda,Uganda,2019,4.948,7.688,0.805,56.1,0.704,0.139,0.826,0.693,0.385,0
2019Ukraine,Ukraine,2019,4.702,9.458,0.883,64.9,0.715,-0.081,0.885,0.634,0.201,1
2019United Arab Emirates,United Arab Emirates,2019,6.711,11.114,0.862,67.3,0.911,0.129,,0.793,0.284,2
2019United Kingdom,United Kingdom,2019,7.157,10.751,0.943,72.5,0.854,0.271,0.485,0.775,0.251,14
2019United States,United States,2019,6.944,11.043,0.917,68.2,0.836,0.144,0.707,0.815,0.244,181
2019Uruguay,Uruguay,2019,6.6,9.979,0.933,69.1,0.903,-0.095,0.599,0.889,0.222,0
2019Uzbekistan,Uzbekistan,2019,6.154,8.853,0.915,65.4,0.97,0.304,0.511,0.845,0.22,0
2019Venezuela,Venezuela,2019,5.081,,0.888,66.7,0.626,,0.839,0.761,0.351,0
2019Vietnam,Vietnam,2019,5.467,8.992,0.848,68.1,0.952,-0.126,0.788,0.751,0.186,0
2019Yemen,Yemen,2019,4.197,,0.87,57.5,0.651,,0.798,0.543,0.213,0
2019Zambia,Zambia,2019,3.307,8.155,0.638,55.8,0.811,0.077,0.832,0.743,0.394,0
2019Zimbabwe,Zimbabwe,2019,2.694,7.95,0.759,56.2,0.632,-0.064,0.831,0.716,0.235,0
2020Albania,Albania,2020,5.365,9.497,0.71,69.3,0.754,0.007,0.891,0.679,0.265,0
2020Argentina,Argentina,2020,5.901,9.85,0.897,69.2,0.823,-0.122,0.816,0.764,0.342,0
2020Australia,Australia,2020,7.137,10.76,0.937,74.2,0.905,0.21,0.491,0.769,0.205,0
2020Austria,Austria,2020,7.213,10.851,0.925,73.6,0.912,0.011,0.464,0.769,0.206,0
2020Bahrain,Bahrain,2020,6.173,10.62,0.848,69.7,0.945,0.132,,0.79,0.297,0
2020Bangladesh,Bangladesh,2020,5.28,8.472,0.739,65.3,0.777,-0.009,0.742,0.582,0.332,0
2020Belgium,Belgium,2020,6.839,10.771,0.904,72.4,0.767,-0.164,0.634,0.647,0.26,0
2020Benin,Benin,2020,4.408,8.102,0.507,55.1,0.783,-0.083,0.532,0.609,0.305,0
2020Bolivia,Bolivia,2020,5.559,8.998,0.805,64.2,0.877,-0.054,0.868,0.79,0.382,0
2020Bosnia and Herzegovina,Bosnia and Herzegovina,2020,5.516,9.583,0.899,68.4,0.74,0.138,0.916,0.644,0.325,0
2020Brazil,Brazil,2020,6.11,9.522,0.831,66.8,0.786,-0.053,0.729,0.692,0.389,0
2020Bulgaria,Bulgaria,2020,5.598,9.991,0.916,67.2,0.818,-0.004,0.901,0.706,0.221,0
2020Cambodia,Cambodia,2020,4.377,8.362,0.724,62.4,0.963,0.052,0.863,0.878,0.39,0
2020Cameroon,Cameroon,2020,5.241,8.175,0.72,54.3,0.675,0.049,0.837,0.63,0.386,0
2020Canada,Canada,2020,7.025,10.73,0.931,74,0.887,0.05,0.434,0.796,0.307,0
2020Chile,Chile,2020,6.151,10.02,0.888,70.1,0.781,0.033,0.812,0.815,0.336,0
2020China,China,2020,5.771,9.702,0.808,69.9,0.891,-0.103,,0.789,0.245,0
2020Colombia,Colombia,2020,5.709,9.495,0.797,68.3,0.84,-0.085,0.808,0.795,0.34,0
2020Croatia,Croatia,2020,6.508,10.166,0.923,71.4,0.837,-0.063,0.961,0.743,0.286,0
2020Cyprus,Cyprus,2020,6.26,,0.806,74.1,0.763,,0.816,0.759,0.284,0
2020Czech Republic,Czech Republic,2020,6.897,10.53,0.964,71.3,0.906,-0.127,0.884,0.832,0.29,0
2020Denmark,Denmark,2020,7.515,10.91,0.947,73,0.938,0.052,0.214,0.818,0.227,0
2020Dominican Republic,Dominican Republic,2020,5.168,9.802,0.806,66.4,0.835,-0.128,0.636,0.734,0.314,0
2020Ecuador,Ecuador,2020,5.354,9.244,0.804,69.1,0.829,-0.157,0.855,0.79,0.416,0
2020Egypt,Egypt,2020,4.472,9.383,0.673,62.3,0.77,-0.112,,0.599,0.442,0
2020El Salvador,El Salvador,2020,5.462,9.019,0.696,66.7,0.924,-0.126,0.583,0.839,0.329,0
2020Estonia,Estonia,2020,6.453,10.459,0.958,69,0.954,-0.082,0.398,0.807,0.188,0
2020Ethiopia,Ethiopia,2020,4.549,7.711,0.823,59.5,0.769,0.188,0.784,0.669,0.252,0
2020Finland,Finland,2020,7.889,10.75,0.962,72.1,0.962,-0.116,0.164,0.744,0.193,0
2020France,France,2020,6.714,10.643,0.947,74.2,0.823,-0.169,0.565,0.732,0.231,0
2020Georgia,Georgia,2020,5.123,9.569,0.718,64.1,0.764,-0.221,0.583,0.611,0.295,0
2020Germany,Germany,2020,7.312,10.833,0.905,72.8,0.864,-0.06,0.424,0.76,0.206,0
2020Ghana,Ghana,2020,5.319,8.59,0.643,58,0.824,0.2,0.847,0.713,0.253,0
2020Greece,Greece,2020,5.788,10.215,0.779,72.8,0.565,-0.241,0.764,0.684,0.322,0
2020Hong Kong S.A.R. of China,Hong Kong S.A.R. of China,2020,5.295,,0.813,,0.705,,0.38,0.609,0.21,0
2020Hungary,Hungary,2020,6.038,10.335,0.943,68.4,0.771,-0.12,0.836,0.735,0.24,0
2020Iceland,Iceland,2020,7.575,10.824,0.983,73,0.949,0.16,0.644,0.863,0.172,0
2020India,India,2020,4.225,8.703,0.617,60.9,0.906,0.075,0.78,0.752,0.383,0
2020Iran,Iran,2020,4.865,,0.757,66.6,0.6,,0.71,0.582,0.47,0
2020Iraq,Iraq,2020,4.785,9.167,0.708,61.4,0.7,-0.021,0.849,0.644,0.532,0
2020Ireland,Ireland,2020,7.035,11.323,0.96,72.5,0.882,0.014,0.356,0.797,0.246,0
2020Israel,Israel,2020,7.195,10.538,0.959,73.7,0.831,-0.049,0.748,0.621,0.243,0
2020Italy,Italy,2020,6.488,10.563,0.89,74,0.718,-0.15,0.844,0.67,0.311,0
2020Ivory Coast,Ivory Coast,2020,5.257,8.565,0.613,50.7,0.77,0.016,0.777,0.693,0.34,0
2020Japan,Japan,2020,6.118,10.58,0.887,75.2,0.806,-0.259,0.609,0.742,0.186,0
2020Jordan,Jordan,2020,4.094,9.15,0.709,67.2,0.779,-0.15,,,,0
2020Kazakhstan,Kazakhstan,2020,6.168,10.135,0.966,65.8,0.872,-0.056,0.661,0.684,0.15,0
2020Kenya,Kenya,2020,4.547,8.365,0.674,61.3,0.702,0.26,0.837,0.733,0.297,0
2020Kosovo,Kosovo,2020,6.294,,0.792,,0.88,,0.91,0.726,0.201,0
2020Kyrgyzstan,Kyrgyzstan,2020,6.25,8.503,0.902,64.7,0.935,0.103,0.931,0.803,0.258,0
2020Laos,Laos,2020,5.284,8.96,0.66,59.5,0.915,0.141,0.748,0.822,0.358,0
2020Latvia,Latvia,2020,6.229,10.3,0.928,67.4,0.82,-0.078,0.809,0.714,0.202,0
2020Lithuania,Lithuania,2020,6.391,10.504,0.953,68.5,0.824,-0.122,0.829,0.66,0.202,0
2020Malta,Malta,2020,6.157,,0.938,72.2,0.931,,0.675,0.601,0.411,0
2020Mauritius,Mauritius,2020,6.015,9.972,0.893,67,0.843,-0.037,0.772,0.767,0.138,0
2020Mexico,Mexico,2020,5.964,9.782,0.779,68.9,0.873,-0.119,0.778,0.81,0.292,0
2020Moldova,Moldova,2020,5.812,9.462,0.874,66.4,0.859,-0.058,0.941,0.727,0.268,0
2020Mongolia,Mongolia,2020,6.011,9.396,0.918,62.7,0.718,0.141,0.843,0.636,0.26,0
2020Montenegro,Montenegro,2020,5.722,9.913,0.887,68.9,0.802,0.06,0.845,0.603,0.411,0
2020Morocco,Morocco,2020,4.803,8.871,0.553,66.5,0.819,-0.229,0.803,0.587,0.256,0
2020Myanmar,Myanmar,2020,4.431,8.554,0.796,59.6,0.825,0.47,0.647,0.8,0.289,0
2020Namibia,Namibia,2020,4.451,9.104,0.741,57.1,0.666,-0.104,0.81,0.648,0.248,0
2020Netherlands,Netherlands,2020,7.504,10.901,0.944,72.5,0.935,0.151,0.281,0.784,0.247,0
2020New Zealand,New Zealand,2020,7.257,10.6,0.952,73.6,0.918,0.125,0.283,0.849,0.209,0
2020Nigeria,Nigeria,2020,5.503,8.484,0.739,50.5,0.713,0.099,0.913,0.744,0.316,0
2020North Macedonia,North Macedonia,2020,5.054,9.69,0.75,65.56,0.787,0.131,0.877,0.605,0.365,0
2020Norway,Norway,2020,7.29,11.042,0.956,73.4,0.965,0.075,0.271,0.823,0.216,0
2020Philippines,Philippines,2020,5.08,9.061,0.781,62.1,0.932,-0.116,0.744,0.804,0.327,0
2020Poland,Poland,2020,6.139,10.371,0.953,70.1,0.767,-0.007,0.787,0.76,0.329,0
2020Portugal,Portugal,2020,5.768,10.371,0.875,72.8,0.913,-0.238,0.867,0.648,0.383,0
2020Russia,Russia,2020,5.495,10.162,0.887,65.1,0.714,-0.071,0.823,0.645,0.19,0
2020Saudi Arabia,Saudi Arabia,2020,6.56,10.701,0.89,66.9,0.884,-0.111,,0.754,0.251,0
2020Serbia,Serbia,2020,6.042,9.788,0.852,69,0.843,0.149,0.824,0.603,0.358,0
2020Slovakia,Slovakia,2020,6.519,10.332,0.954,69.5,0.762,-0.075,0.901,0.764,0.274,0
2020Slovenia,Slovenia,2020,6.462,10.478,0.953,71.7,0.958,-0.081,0.797,0.61,0.314,0
2020South Africa,South Africa,2020,4.947,9.332,0.891,57.3,0.757,-0.015,0.912,0.82,0.294,0
2020South Korea,South Korea,2020,5.793,10.648,0.808,74.2,0.711,-0.106,0.665,0.64,0.247,0
2020Spain,Spain,2020,6.502,10.488,0.935,75,0.783,-0.121,0.73,0.686,0.317,0
2020Sweden,Sweden,2020,7.314,10.838,0.936,72.8,0.951,0.091,0.203,0.766,0.222,0
2020Switzerland,Switzerland,2020,7.508,11.081,0.946,74.7,0.917,-0.064,0.28,0.769,0.193,0
2020Taiwan Province of China,Taiwan Province of China,2020,6.751,,0.901,,0.799,,0.711,0.845,0.083,0
2020Tajikistan,Tajikistan,2020,5.373,8.08,0.79,64.7,,-0.04,0.55,0.749,0.344,0
2020Tanzania,Tanzania,2020,3.786,7.881,0.74,58.5,0.83,0.295,0.521,0.686,0.271,0
2020Thailand,Thailand,2020,5.885,9.769,0.867,67.6,0.84,0.273,0.918,0.783,0.326,0
2020Tunisia,Tunisia,2020,4.731,9.231,0.719,67.5,0.668,-0.202,0.877,0.585,0.439,0
2020Turkey,Turkey,2020,4.862,10.219,0.857,67.6,0.51,-0.111,0.774,0.384,0.44,0
2020Uganda,Uganda,2020,4.641,7.684,0.8,56.5,0.687,0.147,0.878,0.699,0.425,0
2020Ukraine,Ukraine,2020,5.27,9.428,0.885,65.2,0.784,0.126,0.946,0.688,0.285,0
2020United Arab Emirates,United Arab Emirates,2020,6.458,11.053,0.827,67.5,0.942,0.06,,0.752,0.298,0
2020United Kingdom,United Kingdom,2020,6.798,10.626,0.929,72.7,0.885,0.203,0.49,0.758,0.225,0
2020United States,United States,2020,7.028,11.001,0.937,68.1,0.85,0.034,0.678,0.787,0.295,0
2020Uruguay,Uruguay,2020,6.31,9.937,0.921,69.2,0.908,-0.084,0.491,0.807,0.265,0
2020Venezuela,Venezuela,2020,4.574,,0.805,66.9,0.612,,0.811,0.722,0.396,0
2020Zambia,Zambia,2020,4.838,8.117,0.767,56.3,0.75,0.056,0.81,0.691,0.345,0
2020Zimbabwe,Zimbabwe,2020,3.16,7.829,0.717,56.8,0.643,-0.009,0.789,0.703,0.346,0